Workbook

Sheet Indice PondENGHO
A1: Period | B1: Mes | C1: Anio | D1: ipc_d1_i1 | E1: ipc_d1_i2 | F1: ipc_d1_i3 | G1: ipc_d1_i4 | H1: ipc_d1_i5 | I1: ipc_d1_i6 | J1: ipc_d1_i7 | K1: ipc_d1_i8 | L1: ipc_d1_i9 | M1: ipc_d1_i10 | N1: ipc_d1_i11 | O1: ipc_d1_i12 | P1: ipc_d2_i1 | Q1: ipc_d2_i2 | R1: ipc_d2_i3 | S1: ipc_d2_i4 | T1: ipc_d2_i5 | U1: ipc_d2_i6 | V1: ipc_d2_i7 | W1: ipc_d2_i8 | X1: ipc_d2_i9 | Y1: ipc_d2_i10 | Z1: ipc_d2_i11 | AA1: ipc_d2_i12 | AB1: ipc_d3_i1 | AC1: ipc_d3_i2 | AD1: ipc_d3_i3 | AE1: ipc_d3_i4 | AF1: ipc_d3_i5 | AG1: ipc_d3_i6 | AH1: ipc_d3_i7 | AI1: ipc_d3_i8 | AJ1: ipc_d3_i9 | AK1: ipc_d3_i10 | AL1: ipc_d3_i11 | AM1: ipc_d3_i12 | AN1: ipc_d4_i1 | AO1: ipc_d4_i2 | AP1: ipc_d4_i3 | AQ1: ipc_d4_i4 | AR1: ipc_d4_i5 | AS1: ipc_d4_i6 | AT1: ipc_d4_i7 | AU1: ipc_d4_i8 | AV1: ipc_d4_i9 | AW1: ipc_d4_i10 | AX1: ipc_d4_i11 | AY1: ipc_d4_i12 | AZ1: ipc_d5_i1 | BA1: ipc_d5_i2 | BB1: ipc_d5_i3 | BC1: ipc_d5_i4 | BD1: ipc_d5_i5 | BE1: ipc_d5_i6 | BF1: ipc_d5_i7 | BG1: ipc_d5_i8 | BH1: ipc_d5_i9 | BI1: ipc_d5_i10 | BJ1: ipc_d5_i11 | BK1: ipc_d5_i12 | BL1: ipc_quintil1 | BM1: ipc_quintil2 | BN1: ipc_quintil3 | BO1: ipc_quintil4 | BP1: ipc_quintil5 | BQ1: ipc_div1 | BR1: ipc_div2 | BS1: ipc_div3 | BT1: ipc_div4 | BU1: ipc_div5 | BV1: ipc_div6 | BW1: ipc_div7 | BX1: ipc_div8 | BY1: ipc_div9 | BZ1: ipc_div10 | CA1: ipc_div11 | CB1: ipc_div12 | CC1: ipc_sum_d | CD1: ipc_sum_i | CF1: IPCse Nacional
A2: =+[1]Sheet1!A2 -> 42705 | B2: =+[1]Sheet1!B2 -> 12 | C2: =+[1]Sheet1!C2 -> 2016 | D2: =+[1]Sheet1!D2 -> 100 | E2: =+[1]Sheet1!E2 -> 100 | F2: =+[1]Sheet1!F2 -> 100 | G2: =+[1]Sheet1!G2 -> 100 | H2: =+[1]Sheet1!H2 -> 100 | ... CD2: =+[1]Sheet1!CD2 -> 100 | CF2: =+[2]IPCse!DC6 -> 100.08115 | CG2: =+CF2/$CF$2*100 -> 100
A3: =+[1]Sheet1!A3 -> 42736 | B3: =+[1]Sheet1!B3 -> 1 | C3: =+[1]Sheet1!C3 -> 2017 | D3: =+[1]Sheet1!D3 -> 100.75443 | E3: =+[1]Sheet1!E3 -> 100.07867 | F3: =+[1]Sheet1!F3 -> 101.8736 | G3: =+[1]Sheet1!G3 -> 101.75706 | H3: =+[1]Sheet1!H3 -> 101.41307 | ... CD3: =+[1]Sheet1!CD3 -> 101.71334 | CF3: =+[2]IPCse!DC7 -> 101.83133 | CG3: =+CF3/$CF$2*100 -> 101.74877
A4: =+[1]Sheet1!A4 -> 42767 | B4: =+[1]Sheet1!B4 -> 2 | C4: =+[1]Sheet1!C4 -> 2017 | D4: =+[1]Sheet1!D4 -> 101.49557 | E4: =+[1]Sheet1!E4 -> 104.12119 | F4: =+[1]Sheet1!F4 -> 103.72802 | G4: =+[1]Sheet1!G4 -> 106.74596 | H4: =+[1]Sheet1!H4 -> 102.41474 | ... CD4: =+[1]Sheet1!CD4 -> 103.7085 | CF4: =+[2]IPCse!DC8 -> 104.1019 | CG4: =+CF4/$CF$2*100 -> 104.01749
A5: =+[1]Sheet1!A5 -> 42795 | B5: =+[1]Sheet1!B5 -> 3 | C5: =+[1]Sheet1!C5 -> 2017 | D5: =+[1]Sheet1!D5 -> 102.59162 | E5: =+[1]Sheet1!E5 -> 105.44258 | F5: =+[1]Sheet1!F5 -> 105.09715 | G5: =+[1]Sheet1!G5 -> 111.78063 | H5: =+[1]Sheet1!H5 -> 103.34509 | ... CD5: =+[1]Sheet1!CD5 -> 105.21078 | CF5: =+[2]IPCse!DC9 -> 105.87704 | CG5: =+CF5/$CF$2*100 -> 105.79119
A6: =+[1]Sheet1!A6 -> 42826 | B6: =+[1]Sheet1!B6 -> 4 | C6: =+[1]Sheet1!C6 -> 2017 | D6: =+[1]Sheet1!D6 -> 104.83715 | E6: =+[1]Sheet1!E6 -> 109.06272 | F6: =+[1]Sheet1!F6 -> 107.19997 | G6: =+[1]Sheet1!G6 -> 118.56262 | H6: =+[1]Sheet1!H6 -> 104.72852 | ... CD6: =+[1]Sheet1!CD6 -> 107.88415 | CF6: =+[2]IPCse!DC10 -> 108.69903 | CG6: =+CF6/$CF$2*100 -> 108.61089
A7: =+[1]Sheet1!A7 -> 42856 | B7: =+[1]Sheet1!B7 -> 5 | C7: =+[1]Sheet1!C7 -> 2017 | D7: =+[1]Sheet1!D7 -> 107.56224 | E7: =+[1]Sheet1!E7 -> 111.66264 | F7: =+[1]Sheet1!F7 -> 109.13326 | G7: =+[1]Sheet1!G7 -> 120.7638 | H7: =+[1]Sheet1!H7 -> 107.61269 | ... CD7: =+[1]Sheet1!CD7 -> 109.93848 | CF7: =+[2]IPCse!DC11 -> 110.58836 | CG7: =+CF7/$CF$2*100 -> 110.4987
A8: =+[1]Sheet1!A8 -> 42887 | B8: =+[1]Sheet1!B8 -> 6 | C8: =+[1]Sheet1!C8 -> 2017 | D8: =+[1]Sheet1!D8 -> 109.82121 | E8: =+[1]Sheet1!E8 -> 113.23004 | F8: =+[1]Sheet1!F8 -> 110.39194 | G8: =+[1]Sheet1!G8 -> 122.76114 | H8: =+[1]Sheet1!H8 -> 108.65285 | ... CD8: =+[1]Sheet1!CD8 -> 111.71211 | CF8: =+[2]IPCse!DC12 -> 112.02423 | CG8: =+CF8/$CF$2*100 -> 111.93339
A9: =+[1]Sheet1!A9 -> 42917 | B9: =+[1]Sheet1!B9 -> 7 | C9: =+[1]Sheet1!C9 -> 2017 | D9: =+[1]Sheet1!D9 -> 111.87272 | E9: =+[1]Sheet1!E9 -> 117.20149 | F9: =+[1]Sheet1!F9 -> 111.47215 | G9: =+[1]Sheet1!G9 -> 125.07801 | H9: =+[1]Sheet1!H9 -> 110.44017 | ... CD9: =+[1]Sheet1!CD9 -> 114.14445 | CF9: =+[2]IPCse!DC13 -> 114.31438 | CG9: =+CF9/$CF$2*100 -> 114.2217
A10: =+[1]Sheet1!A10 -> 42948 | B10: =+[1]Sheet1!B10 -> 8 | C10: =+[1]Sheet1!C10 -> 2017 | D10: =+[1]Sheet1!D10 -> 113.92788 | E10: =+[1]Sheet1!E10 -> 119.41688 | F10: =+[1]Sheet1!F10 -> 111.48376 | G10: =+[1]Sheet1!G10 -> 127.60696 | H10: =+[1]Sheet1!H10 -> 111.23627 | ... CD10: =+[1]Sheet1!CD10 -> 115.80611 | CF10: =+[2]IPCse!DC14 -> 115.95096 | CG10: =+CF10/$CF$2*100 -> 115.85695
A11: =+[1]Sheet1!A11 -> 42979 | B11: =+[1]Sheet1!B11 -> 9 | C11: =+[1]Sheet1!C11 -> 2017 | D11: =+[1]Sheet1!D11 -> 115.58742 | E11: =+[1]Sheet1!E11 -> 119.55397 | F11: =+[1]Sheet1!F11 -> 111.56204 | G11: =+[1]Sheet1!G11 -> 130.02391 | H11: =+[1]Sheet1!H11 -> 111.74674 | ... CD11: =+[1]Sheet1!CD11 -> 117.44674 | CF11: =+[2]IPCse!DC15 -> 117.3269 | CG11: =+CF11/$CF$2*100 -> 117.23176
A12: =+[1]Sheet1!A12 -> 43009 | B12: =+[1]Sheet1!B12 -> 10 | C12: =+[1]Sheet1!C12 -> 2017 | D12: =+[1]Sheet1!D12 -> 117.12006 | E12: =+[1]Sheet1!E12 -> 123.16584 | F12: =+[1]Sheet1!F12 -> 112.53708 | G12: =+[1]Sheet1!G12 -> 131.26573 | H12: =+[1]Sheet1!H12 -> 112.17809 | ... CD12: =+[1]Sheet1!CD12 -> 119.02953 | CF12: =+[2]IPCse!DC16 -> 118.77745 | CG12: =+CF12/$CF$2*100 -> 118.68115
A13: =+[1]Sheet1!A13 -> 43040 | B13: =+[1]Sheet1!B13 -> 11 | C13: =+[1]Sheet1!C13 -> 2017 | D13: =+[1]Sheet1!D13 -> 119.28683 | E13: =+[1]Sheet1!E13 -> 123.90735 | F13: =+[1]Sheet1!F13 -> 114.2287 | G13: =+[1]Sheet1!G13 -> 133.02287 | H13: =+[1]Sheet1!H13 -> 113.32578 | ... CD13: =+[1]Sheet1!CD13 -> 120.90509 | CF13: =+[2]IPCse!DC17 -> 120.73169 | CG13: =+CF13/$CF$2*100 -> 120.6338
... A102: =+[1]Sheet1!A102 -> 45748 | B102: =+[1]Sheet1!B102 -> 4 | C102: =+[1]Sheet1!C102 -> 2025 | D102: =+[1]Sheet1!D102 -> 8950.2314 | E102: =+[1]Sheet1!E102 -> 6382.5938 | F102: =+[1]Sheet1!F102 -> 7108.0645 | G102: =+[1]Sheet1!G102 -> 8837.0273 | H102: =+[1]Sheet1!H102 -> 7473.8218 | ... CD102: =+[1]Sheet1!CD102 -> 8485.3545 | CF102: =+[2]IPCse!DC106 -> 8482.8647 | CG102: =+CF102/$CF$2*100 -> 8475.9866
A103: =+[1]Sheet1!A103 -> 45778 | B103: =+[1]Sheet1!B103 -> 5 | C103: =+[1]Sheet1!C103 -> 2025 | D103: =+[1]Sheet1!D103 -> 9110.873 | E103: =+[1]Sheet1!E103 -> 6465.0679 | F103: =+[1]Sheet1!F103 -> 7233.2056 | G103: =+[1]Sheet1!G103 -> 9039.3633 | H103: =+[1]Sheet1!H103 -> 7594.3174 | ... CD103: =+[1]Sheet1!CD103 -> 8657.0293
A104: =+[1]Sheet1!A104 -> 45809 | B104: =+[1]Sheet1!B104 -> 6 | C104: =+[1]Sheet1!C104 -> 2025 | D104: =+[1]Sheet1!D104 -> 9262.332 | E104: =+[1]Sheet1!E104 -> 6681.9668 | F104: =+[1]Sheet1!F104 -> 7385.7178 | G104: =+[1]Sheet1!G104 -> 9322.1201 | H104: =+[1]Sheet1!H104 -> 7752.8857 | ... CD104: =+[1]Sheet1!CD104 -> 8848.1533
A105: =+[1]Sheet1!A105 -> 45839 | B105: =+[1]Sheet1!B105 -> 7 | C105: =+[1]Sheet1!C105 -> 2025 | D105: =+[1]Sheet1!D105 -> 9502.2041 | E105: =+[1]Sheet1!E105 -> 6768.7134 | F105: =+[1]Sheet1!F105 -> 7494.5532 | G105: =+[1]Sheet1!G105 -> 9488.043 | H105: =+[1]Sheet1!H105 -> 7857.6504 | ... CD105: =+[1]Sheet1!CD105 -> 9061.7129
A106: =+[1]Sheet1!A106 -> 45870 | B106: =+[1]Sheet1!B106 -> 8 | C106: =+[1]Sheet1!C106 -> 2025 | D106: =+[1]Sheet1!D106 -> 9619.2559 | E106: =+[1]Sheet1!E106 -> 7030.8726 | F106: =+[1]Sheet1!F106 -> 7547.9531 | G106: =+[1]Sheet1!G106 -> 9753.0479 | H106: =+[1]Sheet1!H106 -> 7914.2612 | ... CD106: =+[1]Sheet1!CD106 -> 9242.8193
A107: =+[1]Sheet1!A107 -> 45901 | B107: =+[1]Sheet1!B107 -> 9 | C107: =+[1]Sheet1!C107 -> 2025 | D107: =+[1]Sheet1!D107 -> 9755.3994 | E107: =+[1]Sheet1!E107 -> 7095.3384 | F107: =+[1]Sheet1!F107 -> 7498.5928 | G107: =+[1]Sheet1!G107 -> 10050.595 | H107: =+[1]Sheet1!H107 -> 8046.3662 | ... CD107: =+[1]Sheet1!CD107 -> 9404.5459
A108: =+[1]Sheet1!A108 -> 45931 | B108: =+[1]Sheet1!B108 -> 10 | C108: =+[1]Sheet1!C108 -> 2025 | D108: =+[1]Sheet1!D108 -> 9954.0771 | E108: =+[1]Sheet1!E108 -> 7272.54 | F108: =+[1]Sheet1!F108 -> 7589.1943 | G108: =+[1]Sheet1!G108 -> 10332.94 | H108: =+[1]Sheet1!H108 -> 8144.1665 | ... CD108: =+[1]Sheet1!CD108 -> 9611.4648
A109: =+[1]Sheet1!A109 -> 45962 | B109: =+[1]Sheet1!B109 -> 11 | C109: =+[1]Sheet1!C109 -> 2025 | D109: =+[1]Sheet1!D109 -> 10310.335 | E109: =+[1]Sheet1!E109 -> 7319.1528 | F109: =+[1]Sheet1!F109 -> 7648.3823 | G109: =+[1]Sheet1!G109 -> 10679.304 | H109: =+[1]Sheet1!H109 -> 8239.876 | ... CD109: =+[1]Sheet1!CD109 -> 9869.6943
A110: =+[1]Sheet1!A110 -> 45992 | B110: =+[1]Sheet1!B110 -> 12 | C110: =+[1]Sheet1!C110 -> 2025 | D110: =+[1]Sheet1!D110 -> 10671.262 | E110: =+[1]Sheet1!E110 -> 7470.8403 | F110: =+[1]Sheet1!F110 -> 7725.6196 | G110: =+[1]Sheet1!G110 -> 11031.151 | H110: =+[1]Sheet1!H110 -> 8390.0928 | ... CD110: =+[1]Sheet1!CD110 -> 10152.513
A111: =+[1]Sheet1!A111 -> 46023 | B111: =+[1]Sheet1!B111 -> 1 | C111: =+[1]Sheet1!C111 -> 2026 | D111: =+[1]Sheet1!D111 -> 11097.93 | E111: =+[1]Sheet1!E111 -> 7518.1904 | F111: =+[1]Sheet1!F111 -> 7853.9209 | G111: =+[1]Sheet1!G111 -> 11427.988 | H111: =+[1]Sheet1!H111 -> 8537.5908 | ... CD111: =+[1]Sheet1!CD111 -> 10440.051
A112: =+[1]Sheet1!A112 -> 46054 | B112: =+[1]Sheet1!B112 -> 2 | C112: =+[1]Sheet1!C112 -> 2026 | D112: =+[1]Sheet1!D112 -> 11359.511 | E112: =+[1]Sheet1!E112 -> 7570.7695 | F112: =+[1]Sheet1!F112 -> 7962.8838 | G112: =+[1]Sheet1!G112 -> 12210.819 | H112: =+[1]Sheet1!H112 -> 8763.833 | ... CD112: =+[1]Sheet1!CD112 -> 10714.419
A113: =+[1]Sheet1!A113 -> 46082 | B113: =+[1]Sheet1!B113 -> 3 | C113: =+[1]Sheet1!C113 -> 2026 | D113: =+[1]Sheet1!D113 -> 11606.613 | E113: =+[1]Sheet1!E113 -> 7675.4512 | F113: =+[1]Sheet1!F113 -> 7988.353 | G113: =+[1]Sheet1!G113 -> 12727.055 | H113: =+[1]Sheet1!H113 -> 8890.0332 | ... CD113: =+[1]Sheet1!CD113 -> 10969.06
A114: =+[1]Sheet1!A114 -> 46113 | B114: =+[1]Sheet1!B114 -> 4 | C114: =+[1]Sheet1!C114 -> 2026 | D114: =+[1]Sheet1!D114 -> 11778.271 | E114: =+[1]Sheet1!E114 -> 7896.3306 | F114: =+[1]Sheet1!F114 -> 8027.4614 | G114: =+[1]Sheet1!G114 -> 13155.908 | H114: =+[1]Sheet1!H114 -> 9140.6045 | ... CD114: =+[1]Sheet1!CD114 -> 11236.183
... A118: =+[1]Sheet1!A118 -> 46235 | B118: =+[1]Sheet1!B118 -> 8 | C118: =+[1]Sheet1!C118 -> 2026 | D118: =+[1]Sheet1!D118 -> 13064.222 | E118: =+[1]Sheet1!E118 -> 8617.0977 | F118: =+[1]Sheet1!F118 -> 8419.2559 | G118: =+[1]Sheet1!G118 -> 14799.204 | H118: =+[1]Sheet1!H118 -> 9780.8721 | ... CD118: =+[1]Sheet1!CD118 -> 12340.214

Sheet Infla Mensual PondENGHO
D1: QUINTIL 1 | P1: QUINTIL 2 | AB1: QUINTIL 3 | AN1: QUINTIL 4 | AZ1: QUINTIL 5 | BM1: QUINTIL 1 | BN1: QUINTIL 2 | BO1: QUINTIL 3 | BP1: QUINTIL 4 | BQ1: QUINTIL 5 | BR1: TODOS | BS1: TODOS | BT1: TODOS | BU1: TODOS | BV1: TODOS | BW1: TODOS | BX1: TODOS | BY1: TODOS | BZ1: TODOS | CA1: TODOS | CB1: TODOS | CC1: TODOS | CD1: TODOS | CE1: TODOS
D2: Alimentos y bebidas no alcohólicas | E2: Bebidas alcohólicas y tabaco | F2: Prendas de vestir y calzado | G2: Vivienda, agua, electricidad, gas y otros combustibles | H2: Equipamiento y mantenimiento del hogar | I2: Salud | J2: Transporte | K2: Comunicación | L2: Recreación y cultura | M2: Educación | N2: Restaurantes y hoteles | O2: Bienes y servicios varios | P2: Alimentos y bebidas no alcohólicas | Q2: Bebidas alcohólicas y tabaco | R2: Prendas de vestir y calzado | S2: Vivienda, agua, electricidad, gas y otros combustibles | T2: Equipamiento y mantenimiento del hogar | U2: Salud | V2: Transporte | W2: Comunicación | X2: Recreación y cultura | Y2: Educación | Z2: Restaurantes y hoteles | AA2: Bienes y servicios varios | AB2: Alimentos y bebidas no alcohólicas | AC2: Bebidas alcohólicas y tabaco | AD2: Prendas de vestir y calzado | AE2: Vivienda, agua, electricidad, gas y otros combustibles | AF2: Equipamiento y mantenimiento del hogar | AG2: Salud | AH2: Transporte | AI2: Comunicación | AJ2: Recreación y cultura | AK2: Educación | AL2: Restaurantes y hoteles | AM2: Bienes y servicios varios | AN2: Alimentos y bebidas no alcohólicas | AO2: Bebidas alcohólicas y tabaco | AP2: Prendas de vestir y calzado | AQ2: Vivienda, agua, electricidad, gas y otros combustibles | AR2: Equipamiento y mantenimiento del hogar | AS2: Salud | AT2: Transporte | AU2: Comunicación | AV2: Recreación y cultura | AW2: Educación | AX2: Restaurantes y hoteles | AY2: Bienes y servicios varios | AZ2: Alimentos y bebidas no alcohólicas | BA2: Bebidas alcohólicas y tabaco | BB2: Prendas de vestir y calzado | BC2: Vivienda, agua, electricidad, gas y otros combustibles | BD2: Equipamiento y mantenimiento del hogar | BE2: Salud | BF2: Transporte | BG2: Comunicación | BH2: Recreación y cultura | BI2: Educación | BJ2: Restaurantes y hoteles | BK2: Bienes y servicios varios | BM2: TOTAL | BN2: TOTAL | BO2: TOTAL | BP2: TOTAL | BQ2: TOTAL | BR2: Alimentos y bebidas no alcohólicas | BS2: Bebidas alcohólicas y tabaco | BT2: Prendas de vestir y calzado | BU2: Vivienda, agua, electricidad, gas y otros combustibles | BV2: Equipamiento y mantenimiento del hogar | BW2: Salud | BX2: Transporte | BY2: Comunicación | BZ2: Recreación y cultura | CA2: Educación | CB2: Restaurantes y hoteles | CC2: Bienes y servicios varios | CD2: TOTAL | CE2: TOTAL | CI2: Q1-Q5 IPCse | CJ2: Q1-Q5 INDEC | CS2: =+BR2 -> Alimentos y bebidas no alcohólicas | CT2: =+BS2 -> Bebidas alcohólicas y tabaco | CU2: =+BT2 -> Prendas de vestir y calzado | CV2: =+BU2 -> Vivienda, agua, electricidad, gas y otros combustibles | CW2: =+BV2 -> Equipamiento y mantenimiento del hogar | CX2: =+BW2 -> Salud | CY2: =+BX2 -> Transporte | CZ2: =+BY2 -> Comunicación | ... DD2: =+CC2 -> Bienes y servicios varios
A3: Period | B3: Mes | C3: Anio | D3: ipc_d1_i1 | E3: ipc_d1_i2 | F3: ipc_d1_i3 | G3: ipc_d1_i4 | H3: ipc_d1_i5 | I3: ipc_d1_i6 | J3: ipc_d1_i7 | K3: ipc_d1_i8 | L3: ipc_d1_i9 | M3: ipc_d1_i10 | N3: ipc_d1_i11 | O3: ipc_d1_i12 | P3: ipc_d2_i1 | Q3: ipc_d2_i2 | R3: ipc_d2_i3 | S3: ipc_d2_i4 | T3: ipc_d2_i5 | U3: ipc_d2_i6 | V3: ipc_d2_i7 | W3: ipc_d2_i8 | X3: ipc_d2_i9 | Y3: ipc_d2_i10 | Z3: ipc_d2_i11 | AA3: ipc_d2_i12 | AB3: ipc_d3_i1 | AC3: ipc_d3_i2 | AD3: ipc_d3_i3 | AE3: ipc_d3_i4 | AF3: ipc_d3_i5 | AG3: ipc_d3_i6 | AH3: ipc_d3_i7 | AI3: ipc_d3_i8 | AJ3: ipc_d3_i9 | AK3: ipc_d3_i10 | AL3: ipc_d3_i11 | AM3: ipc_d3_i12 | AN3: ipc_d4_i1 | AO3: ipc_d4_i2 | AP3: ipc_d4_i3 | AQ3: ipc_d4_i4 | AR3: ipc_d4_i5 | AS3: ipc_d4_i6 | AT3: ipc_d4_i7 | AU3: ipc_d4_i8 | AV3: ipc_d4_i9 | AW3: ipc_d4_i10 | AX3: ipc_d4_i11 | AY3: ipc_d4_i12 | AZ3: ipc_d5_i1 | BA3: ipc_d5_i2 | BB3: ipc_d5_i3 | BC3: ipc_d5_i4 | BD3: ipc_d5_i5 | BE3: ipc_d5_i6 | BF3: ipc_d5_i7 | BG3: ipc_d5_i8 | BH3: ipc_d5_i9 | BI3: ipc_d5_i10 | BJ3: ipc_d5_i11 | BK3: ipc_d5_i12 | BM3: ipc_quintil1 | BN3: ipc_quintil2 | BO3: ipc_quintil3 | BP3: ipc_quintil4 | BQ3: ipc_quintil5 | BR3: ipc_div1 | BS3: ipc_div2 | BT3: ipc_div3 | BU3: ipc_div4 | BV3: ipc_div5 | BW3: ipc_div6 | BX3: ipc_div7 | BY3: ipc_div8 | BZ3: ipc_div9 | CA3: ipc_div10 | CB3: ipc_div11 | CC3: ipc_div12 | CD3: ipc_sum_d | CE3: ipc_sum_i | CI3: mensual | CJ3: mensual
A4: =+DATE(C4,B4,1) -> 42705 | B4: 12 | C4: 2016
A5: =+DATE(C5,B5,1) -> 42736 | B5: =+IF(B4=12,1,B4+1) -> 1 | C5: 2017 | D5: =+'Indice PondENGHO'!D3/'Indice PondENGHO'!D2-1 -> 0.0075442505 | E5: =+'Indice PondENGHO'!E3/'Indice PondENGHO'!E2-1 -> 0.00078674316 | F5: =+'Indice PondENGHO'!F3/'Indice PondENGHO'!F2-1 -> 0.018735962 | G5: =+'Indice PondENGHO'!G3/'Indice PondENGHO'!G2-1 -> 0.017570572 | H5: =+'Indice PondENGHO'!H3/'Indice PondENGHO'!H2-1 -> 0.014130707 | I5: =+'Indice PondENGHO'!I3/'Indice PondENGHO'!I2-1 -> 0.025207367 | J5: =+'Indice PondENGHO'!J3/'Indice PondENGHO'!J2-1 -> 0.021638412 | K5: =+'Indice PondENGHO'!K3/'Indice PondENGHO'!K2-1 -> 0.018220444 | ... BK5: =+'Indice PondENGHO'!BK3/'Indice PondENGHO'!BK2-1 -> 0.017867737 | BL5: =+A5 -> 42736 | BM5: =+'Indice PondENGHO'!BL3/'Indice PondENGHO'!BL2-1 -> 0.015351639 | BN5: =+'Indice PondENGHO'!BM3/'Indice PondENGHO'!BM2-1 -> 0.016014862 | BO5: =+'Indice PondENGHO'!BN3/'Indice PondENGHO'!BN2-1 -> 0.016733551 | BP5: =+'Indice PondENGHO'!BO3/'Indice PondENGHO'!BO2-1 -> 0.017434006 | BQ5: =+'Indice PondENGHO'!BP3/'Indice PondENGHO'!BP2-1 -> 0.018357315 | BR5: =+'Indice PondENGHO'!BQ3/'Indice PondENGHO'!BQ2-1 -> 0.0066861725 | BS5: =+'Indice PondENGHO'!BR3/'Indice PondENGHO'!BR2-1 -> 0.0002457428 | BT5: =+'Indice PondENGHO'!BS3/'Indice PondENGHO'!BS2-1 -> 0.018330994 | ... CE5: =+'Indice PondENGHO'!CD3/'Indice PondENGHO'!CD2-1 -> 0.017133408 | CG5: =+'Indice PondENGHO'!CF3/'Indice PondENGHO'!CF2-1 -> 0.017487652 | CI5: =+BM5-BQ5 -> -0.0030056763 | CJ5: =+'[3]Infla Mensual PondENGHO'!CF5 -> -0.0017551422 | CK5: =+CI5-CJ5 -> -0.0012505341
A6: =+DATE(C6,B6,1) -> 42767 | B6: =+IF(B5=12,1,B5+1) -> 2 | C6: 2017 | D6: =+'Indice PondENGHO'!D4/'Indice PondENGHO'!D3-1 -> 0.0073560035 | E6: =+'Indice PondENGHO'!E4/'Indice PondENGHO'!E3-1 -> 0.040393407 | F6: =+'Indice PondENGHO'!F4/'Indice PondENGHO'!F3-1 -> 0.018203181 | G6: =+'Indice PondENGHO'!G4/'Indice PondENGHO'!G3-1 -> 0.049027625 | H6: =+'Indice PondENGHO'!H4/'Indice PondENGHO'!H3-1 -> 0.0098771374 | I6: =+'Indice PondENGHO'!I4/'Indice PondENGHO'!I3-1 -> 0.025133212 | J6: =+'Indice PondENGHO'!J4/'Indice PondENGHO'!J3-1 -> 0.019411658 | K6: =+'Indice PondENGHO'!K4/'Indice PondENGHO'!K3-1 -> 0.028371307 | ... BK6: =+'Indice PondENGHO'!BK4/'Indice PondENGHO'!BK3-1 -> 0.023270428 | BL6: =+A6 -> 42767 | BM6: =+'Indice PondENGHO'!BL4/'Indice PondENGHO'!BL3-1 -> 0.017521768 | BN6: =+'Indice PondENGHO'!BM4/'Indice PondENGHO'!BM3-1 -> 0.018878946 | BO6: =+'Indice PondENGHO'!BN4/'Indice PondENGHO'!BN3-1 -> 0.019006823 | BP6: =+'Indice PondENGHO'!BO4/'Indice PondENGHO'!BO3-1 -> 0.019595881 | BQ6: =+'Indice PondENGHO'!BP4/'Indice PondENGHO'!BP3-1 -> 0.021104506 | BR6: =+'Indice PondENGHO'!BQ4/'Indice PondENGHO'!BQ3-1 -> 0.0060322837 | BS6: =+'Indice PondENGHO'!BR4/'Indice PondENGHO'!BR3-1 -> 0.042024509 | BT6: =+'Indice PondENGHO'!BS4/'Indice PondENGHO'!BS3-1 -> 0.019383302 | ... CE6: =+'Indice PondENGHO'!CD4/'Indice PondENGHO'!CD3-1 -> 0.019615473 | CG6: =+'Indice PondENGHO'!CF4/'Indice PondENGHO'!CF3-1 -> 0.022297309 | CI6: =+BM6-BQ6 -> -0.0035827377 | CJ6: =+'[3]Infla Mensual PondENGHO'!CF6 -> -0.0011134335 | CK6: =+CI6-CJ6 -> -0.0024693042
A7: =+DATE(C7,B7,1) -> 42795 | B7: =+IF(B6=12,1,B6+1) -> 3 | C7: 2017 | D7: =+'Indice PondENGHO'!D5/'Indice PondENGHO'!D4-1 -> 0.010798958 | E7: =+'Indice PondENGHO'!E5/'Indice PondENGHO'!E4-1 -> 0.012690867 | F7: =+'Indice PondENGHO'!F5/'Indice PondENGHO'!F4-1 -> 0.013199259 | G7: =+'Indice PondENGHO'!G5/'Indice PondENGHO'!G4-1 -> 0.047164949 | H7: =+'Indice PondENGHO'!H5/'Indice PondENGHO'!H4-1 -> 0.0090840792 | I7: =+'Indice PondENGHO'!I5/'Indice PondENGHO'!I4-1 -> 0.020900845 | J7: =+'Indice PondENGHO'!J5/'Indice PondENGHO'!J4-1 -> 0.01144149 | K7: =+'Indice PondENGHO'!K5/'Indice PondENGHO'!K4-1 -> 0.029446479 | ... BK7: =+'Indice PondENGHO'!BK5/'Indice PondENGHO'!BK4-1 -> 0.021812932 | BL7: =+A7 -> 42795 | BM7: =+'Indice PondENGHO'!BL5/'Indice PondENGHO'!BL4-1 -> 0.015757365 | BN7: =+'Indice PondENGHO'!BM5/'Indice PondENGHO'!BM4-1 -> 0.015214699 | BO7: =+'Indice PondENGHO'!BN5/'Indice PondENGHO'!BN4-1 -> 0.014807407 | BP7: =+'Indice PondENGHO'!BO5/'Indice PondENGHO'!BO4-1 -> 0.014391298 | BQ7: =+'Indice PondENGHO'!BP5/'Indice PondENGHO'!BP4-1 -> 0.013548027 | BR7: =+'Indice PondENGHO'!BQ5/'Indice PondENGHO'!BQ4-1 -> 0.012459968 | BS7: =+'Indice PondENGHO'!BR5/'Indice PondENGHO'!BR4-1 -> 0.011634696 | BT7: =+'Indice PondENGHO'!BS5/'Indice PondENGHO'!BS4-1 -> 0.011380265 | ... CE7: =+'Indice PondENGHO'!CD5/'Indice PondENGHO'!CD4-1 -> 0.014485613 | CG7: =+'Indice PondENGHO'!CF5/'Indice PondENGHO'!CF4-1 -> 0.017051949 | CI7: =+BM7-BQ7 -> 0.002209338 | CJ7: =+'[3]Infla Mensual PondENGHO'!CF7 -> 0.0028364713 | CK7: =+CI7-CJ7 -> -0.00062713335
A8: =+DATE(C8,B8,1) -> 42826 | B8: =+IF(B7=12,1,B7+1) -> 4 | C8: 2017 | D8: =+'Indice PondENGHO'!D6/'Indice PondENGHO'!D5-1 -> 0.021888037 | E8: =+'Indice PondENGHO'!E6/'Indice PondENGHO'!E5-1 -> 0.03433281 | F8: =+'Indice PondENGHO'!F6/'Indice PondENGHO'!F5-1 -> 0.020008284 | G8: =+'Indice PondENGHO'!G6/'Indice PondENGHO'!G5-1 -> 0.060672318 | H8: =+'Indice PondENGHO'!H6/'Indice PondENGHO'!H5-1 -> 0.013386515 | I8: =+'Indice PondENGHO'!I6/'Indice PondENGHO'!I5-1 -> 0.019375686 | J8: =+'Indice PondENGHO'!J6/'Indice PondENGHO'!J5-1 -> 0.0072845964 | K8: =+'Indice PondENGHO'!K6/'Indice PondENGHO'!K5-1 -> 0.07388664 | ... BK8: =+'Indice PondENGHO'!BK6/'Indice PondENGHO'!BK5-1 -> 0.025473053 | BL8: =+A8 -> 42826 | BM8: =+'Indice PondENGHO'!BL6/'Indice PondENGHO'!BL5-1 -> 0.025906973 | BN8: =+'Indice PondENGHO'!BM6/'Indice PondENGHO'!BM5-1 -> 0.026092845 | BO8: =+'Indice PondENGHO'!BN6/'Indice PondENGHO'!BN5-1 -> 0.026030652 | BP8: =+'Indice PondENGHO'!BO6/'Indice PondENGHO'!BO5-1 -> 0.025123118 | BQ8: =+'Indice PondENGHO'!BP6/'Indice PondENGHO'!BP5-1 -> 0.024753143 | BR8: =+'Indice PondENGHO'!BQ6/'Indice PondENGHO'!BQ5-1 -> 0.021215817 | BS8: =+'Indice PondENGHO'!BR6/'Indice PondENGHO'!BR5-1 -> 0.034221407 | BT8: =+'Indice PondENGHO'!BS6/'Indice PondENGHO'!BS5-1 -> 0.022149726 | ... CE8: =+'Indice PondENGHO'!CD6/'Indice PondENGHO'!CD5-1 -> 0.025409663 | CG8: =+'Indice PondENGHO'!CF6/'Indice PondENGHO'!CF5-1 -> 0.026653445 | CI8: =+BM8-BQ8 -> 0.0011538302 | CJ8: =+'[3]Infla Mensual PondENGHO'!CF8 -> 0.0017536667 | CK8: =+CI8-CJ8 -> -0.00059983651
A9: =+DATE(C9,B9,1) -> 42856 | B9: =+IF(B8=12,1,B8+1) -> 5 | C9: 2017 | D9: =+'Indice PondENGHO'!D7/'Indice PondENGHO'!D6-1 -> 0.025993553 | E9: =+'Indice PondENGHO'!E7/'Indice PondENGHO'!E6-1 -> 0.02383871 | F9: =+'Indice PondENGHO'!F7/'Indice PondENGHO'!F6-1 -> 0.018034414 | G9: =+'Indice PondENGHO'!G7/'Indice PondENGHO'!G6-1 -> 0.018565543 | H9: =+'Indice PondENGHO'!H7/'Indice PondENGHO'!H6-1 -> 0.027539496 | I9: =+'Indice PondENGHO'!I7/'Indice PondENGHO'!I6-1 -> 0.01571528 | J9: =+'Indice PondENGHO'!J7/'Indice PondENGHO'!J6-1 -> 0.010541779 | K9: =+'Indice PondENGHO'!K7/'Indice PondENGHO'!K6-1 -> 0.010837333 | ... BK9: =+'Indice PondENGHO'!BK7/'Indice PondENGHO'!BK6-1 -> 0.021562207 | BL9: =+A9 -> 42856 | BM9: =+'Indice PondENGHO'!BL7/'Indice PondENGHO'!BL6-1 -> 0.020444488 | BN9: =+'Indice PondENGHO'!BM7/'Indice PondENGHO'!BM6-1 -> 0.019712981 | BO9: =+'Indice PondENGHO'!BN7/'Indice PondENGHO'!BN6-1 -> 0.019302128 | BP9: =+'Indice PondENGHO'!BO7/'Indice PondENGHO'!BO6-1 -> 0.01870519 | BQ9: =+'Indice PondENGHO'!BP7/'Indice PondENGHO'!BP6-1 -> 0.018280376 | BR9: =+'Indice PondENGHO'!BQ7/'Indice PondENGHO'!BQ6-1 -> 0.026290407 | BS9: =+'Indice PondENGHO'!BR7/'Indice PondENGHO'!BR6-1 -> 0.024210473 | BT9: =+'Indice PondENGHO'!BS7/'Indice PondENGHO'!BS6-1 -> 0.017431604 | ... CE9: =+'Indice PondENGHO'!CD7/'Indice PondENGHO'!CD6-1 -> 0.019041991 | CG9: =+'Indice PondENGHO'!CF7/'Indice PondENGHO'!CF6-1 -> 0.01738138 | CI9: =+BM9-BQ9 -> 0.0021641118 | CJ9: =+'[3]Infla Mensual PondENGHO'!CF9 -> 0.00040561072 | CK9: =+CI9-CJ9 -> 0.001758501
A10: =+DATE(C10,B10,1) -> 42887 | B10: =+IF(B9=12,1,B9+1) -> 6 | C10: 2017 | D10: =+'Indice PondENGHO'!D8/'Indice PondENGHO'!D7-1 -> 0.021001535 | E10: =+'Indice PondENGHO'!E8/'Indice PondENGHO'!E7-1 -> 0.014036976 | F10: =+'Indice PondENGHO'!F8/'Indice PondENGHO'!F7-1 -> 0.011533444 | G10: =+'Indice PondENGHO'!G8/'Indice PondENGHO'!G7-1 -> 0.016539206 | H10: =+'Indice PondENGHO'!H8/'Indice PondENGHO'!H7-1 -> 0.0096657854 | I10: =+'Indice PondENGHO'!I8/'Indice PondENGHO'!I7-1 -> 0.015332169 | J10: =+'Indice PondENGHO'!J8/'Indice PondENGHO'!J7-1 -> 0.01045778 | K10: =+'Indice PondENGHO'!K8/'Indice PondENGHO'!K7-1 -> 0.009911869 | ... BK10: =+'Indice PondENGHO'!BK8/'Indice PondENGHO'!BK7-1 -> 0.018566962 | BL10: =+A10 -> 42887 | BM10: =+'Indice PondENGHO'!BL8/'Indice PondENGHO'!BL7-1 -> 0.016783459 | BN10: =+'Indice PondENGHO'!BM8/'Indice PondENGHO'!BM7-1 -> 0.016316702 | BO10: =+'Indice PondENGHO'!BN8/'Indice PondENGHO'!BN7-1 -> 0.01626526 | BP10: =+'Indice PondENGHO'!BO8/'Indice PondENGHO'!BO7-1 -> 0.015934925 | BQ10: =+'Indice PondENGHO'!BP8/'Indice PondENGHO'!BP7-1 -> 0.015862697 | BR10: =+'Indice PondENGHO'!BQ8/'Indice PondENGHO'!BQ7-1 -> 0.021632916 | BS10: =+'Indice PondENGHO'!BR8/'Indice PondENGHO'!BR7-1 -> 0.012900801 | BT10: =+'Indice PondENGHO'!BS8/'Indice PondENGHO'!BS7-1 -> 0.010693157 | ... CE10: =+'Indice PondENGHO'!CD8/'Indice PondENGHO'!CD7-1 -> 0.016132986 | CG10: =+'Indice PondENGHO'!CF8/'Indice PondENGHO'!CF7-1 -> 0.012983834 | CI10: =+BM10-BQ10 -> 0.00092076157 | CJ10: =+'[3]Infla Mensual PondENGHO'!CF10 -> -0.0013441253 | CK10: =+CI10-CJ10 -> 0.0022648869
A11: =+DATE(C11,B11,1) -> 42917 | B11: =+IF(B10=12,1,B10+1) -> 7 | C11: 2017 | D11: =+'Indice PondENGHO'!D9/'Indice PondENGHO'!D8-1 -> 0.018680417 | E11: =+'Indice PondENGHO'!E9/'Indice PondENGHO'!E8-1 -> 0.03507418 | F11: =+'Indice PondENGHO'!F9/'Indice PondENGHO'!F8-1 -> 0.0097852058 | G11: =+'Indice PondENGHO'!G9/'Indice PondENGHO'!G8-1 -> 0.018873005 | H11: =+'Indice PondENGHO'!H9/'Indice PondENGHO'!H8-1 -> 0.01644985 | I11: =+'Indice PondENGHO'!I9/'Indice PondENGHO'!I8-1 -> 0.032012265 | J11: =+'Indice PondENGHO'!J9/'Indice PondENGHO'!J8-1 -> 0.022630492 | K11: =+'Indice PondENGHO'!K9/'Indice PondENGHO'!K8-1 -> 0.02321019 | ... BK11: =+'Indice PondENGHO'!BK9/'Indice PondENGHO'!BK8-1 -> 0.013328871 | BL11: =+A11 -> 42917 | BM11: =+'Indice PondENGHO'!BL9/'Indice PondENGHO'!BL8-1 -> 0.020383551 | BN11: =+'Indice PondENGHO'!BM9/'Indice PondENGHO'!BM8-1 -> 0.021108606 | BO11: =+'Indice PondENGHO'!BN9/'Indice PondENGHO'!BN8-1 -> 0.021689451 | BP11: =+'Indice PondENGHO'!BO9/'Indice PondENGHO'!BO8-1 -> 0.0218843 | BQ11: =+'Indice PondENGHO'!BP9/'Indice PondENGHO'!BP8-1 -> 0.022588107 | BR11: =+'Indice PondENGHO'!BQ9/'Indice PondENGHO'!BQ8-1 -> 0.019100005 | BS11: =+'Indice PondENGHO'!BR9/'Indice PondENGHO'!BR8-1 -> 0.035475419 | BT11: =+'Indice PondENGHO'!BS9/'Indice PondENGHO'!BS8-1 -> 0.010139414 | ... CE11: =+'Indice PondENGHO'!CD9/'Indice PondENGHO'!CD8-1 -> 0.021773242 | CG11: =+'Indice PondENGHO'!CF9/'Indice PondENGHO'!CF8-1 -> 0.020443428 | CI11: =+BM11-BQ11 -> -0.002204556 | CJ11: =+'[3]Infla Mensual PondENGHO'!CF11 -> -0.0041420631 | CK11: =+CI11-CJ11 -> 0.0019375071
A12: =+DATE(C12,B12,1) -> 42948 | B12: =+IF(B11=12,1,B11+1) -> 8 | C12: 2017 | D12: =+'Indice PondENGHO'!D10/'Indice PondENGHO'!D9-1 -> 0.018370525 | E12: =+'Indice PondENGHO'!E10/'Indice PondENGHO'!E9-1 -> 0.018902365 | F12: =+'Indice PondENGHO'!F10/'Indice PondENGHO'!F9-1 -> 0.00010423741 | G12: =+'Indice PondENGHO'!G10/'Indice PondENGHO'!G9-1 -> 0.020218949 | H12: =+'Indice PondENGHO'!H10/'Indice PondENGHO'!H9-1 -> 0.007208468 | I12: =+'Indice PondENGHO'!I10/'Indice PondENGHO'!I9-1 -> 0.024041935 | J12: =+'Indice PondENGHO'!J10/'Indice PondENGHO'!J9-1 -> 0.010212166 | K12: =+'Indice PondENGHO'!K10/'Indice PondENGHO'!K9-1 -> 0.023255416 | ... BK12: =+'Indice PondENGHO'!BK10/'Indice PondENGHO'!BK9-1 -> 0.0029795492 | BL12: =+A12 -> 42948 | BM12: =+'Indice PondENGHO'!BL10/'Indice PondENGHO'!BL9-1 -> 0.014516038 | BN12: =+'Indice PondENGHO'!BM10/'Indice PondENGHO'!BM9-1 -> 0.014656693 | BO12: =+'Indice PondENGHO'!BN10/'Indice PondENGHO'!BN9-1 -> 0.014821914 | BP12: =+'Indice PondENGHO'!BO10/'Indice PondENGHO'!BO9-1 -> 0.014598553 | BQ12: =+'Indice PondENGHO'!BP10/'Indice PondENGHO'!BP9-1 -> 0.014352775 | BR12: =+'Indice PondENGHO'!BQ10/'Indice PondENGHO'!BQ9-1 -> 0.019967367 | BS12: =+'Indice PondENGHO'!BR10/'Indice PondENGHO'!BR9-1 -> 0.018481044 | BT12: =+'Indice PondENGHO'!BS10/'Indice PondENGHO'!BS9-1 -> 0.00079975591 | ... CE12: =+'Indice PondENGHO'!CD10/'Indice PondENGHO'!CD9-1 -> 0.014557513 | CG12: =+'Indice PondENGHO'!CF10/'Indice PondENGHO'!CF9-1 -> 0.014316455 | CI12: =+BM12-BQ12 -> 0.00016326331 | CJ12: =+'[3]Infla Mensual PondENGHO'!CF12 -> 0.00028042872 | CK12: =+CI12-CJ12 -> -0.00011716542
A13: =+DATE(C13,B13,1) -> 42979 | B13: =+IF(B12=12,1,B12+1) -> 9 | C13: 2017 | D13: =+'Indice PondENGHO'!D11/'Indice PondENGHO'!D10-1 -> 0.014566569 | E13: =+'Indice PondENGHO'!E11/'Indice PondENGHO'!E10-1 -> 0.0011480169 | F13: =+'Indice PondENGHO'!F11/'Indice PondENGHO'!F10-1 -> 0.00070214339 | G13: =+'Indice PondENGHO'!G11/'Indice PondENGHO'!G10-1 -> 0.018940613 | H13: =+'Indice PondENGHO'!H11/'Indice PondENGHO'!H10-1 -> 0.0045890383 | I13: =+'Indice PondENGHO'!I11/'Indice PondENGHO'!I10-1 -> 0.023532853 | J13: =+'Indice PondENGHO'!J11/'Indice PondENGHO'!J10-1 -> 0.0068897453 | K13: =+'Indice PondENGHO'!K11/'Indice PondENGHO'!K10-1 -> 0.011162919 | ... BK13: =+'Indice PondENGHO'!BK11/'Indice PondENGHO'!BK10-1 -> 0.0096761026 | BL13: =+A13 -> 42979 | BM13: =+'Indice PondENGHO'!BL11/'Indice PondENGHO'!BL10-1 -> 0.013175251 | BN13: =+'Indice PondENGHO'!BM11/'Indice PondENGHO'!BM10-1 -> 0.013593273 | BO13: =+'Indice PondENGHO'!BN11/'Indice PondENGHO'!BN10-1 -> 0.014248866 | BP13: =+'Indice PondENGHO'!BO11/'Indice PondENGHO'!BO10-1 -> 0.014269333 | BQ13: =+'Indice PondENGHO'!BP11/'Indice PondENGHO'!BP10-1 -> 0.014701921 | BR13: =+'Indice PondENGHO'!BQ11/'Indice PondENGHO'!BQ10-1 -> 0.014152631 | BS13: =+'Indice PondENGHO'!BR11/'Indice PondENGHO'!BR10-1 -> 0.00073903402 | BT13: =+'Indice PondENGHO'!BS11/'Indice PondENGHO'!BS10-1 -> 0.0013111397 | ... CE13: =+'Indice PondENGHO'!CD11/'Indice PondENGHO'!CD10-1 -> 0.014167065 | CG13: =+'Indice PondENGHO'!CF11/'Indice PondENGHO'!CF10-1 -> 0.01186652 | CI13: =+BM13-BQ13 -> -0.0015266696 | CJ13: =+'[3]Infla Mensual PondENGHO'!CF13 -> -0.00046864004 | CK13: =+CI13-CJ13 -> -0.0010580295
A14: =+DATE(C14,B14,1) -> 43009 | B14: =+IF(B13=12,1,B13+1) -> 10 | C14: 2017 | D14: =+'Indice PondENGHO'!D12/'Indice PondENGHO'!D11-1 -> 0.013259562 | E14: =+'Indice PondENGHO'!E12/'Indice PondENGHO'!E11-1 -> 0.030211208 | F14: =+'Indice PondENGHO'!F12/'Indice PondENGHO'!F11-1 -> 0.0087398599 | G14: =+'Indice PondENGHO'!G12/'Indice PondENGHO'!G11-1 -> 0.0095507148 | H14: =+'Indice PondENGHO'!H12/'Indice PondENGHO'!H11-1 -> 0.0038600058 | I14: =+'Indice PondENGHO'!I12/'Indice PondENGHO'!I11-1 -> 0.011406851 | J14: =+'Indice PondENGHO'!J12/'Indice PondENGHO'!J11-1 -> 0.013872925 | K14: =+'Indice PondENGHO'!K12/'Indice PondENGHO'!K11-1 -> 0.060242422 | ... BK14: =+'Indice PondENGHO'!BK12/'Indice PondENGHO'!BK11-1 -> 0.010856543 | BL14: =+A14 -> 43009 | BM14: =+'Indice PondENGHO'!BL12/'Indice PondENGHO'!BL11-1 -> 0.014050382 | BN14: =+'Indice PondENGHO'!BM12/'Indice PondENGHO'!BM11-1 -> 0.01406007 | BO14: =+'Indice PondENGHO'!BN12/'Indice PondENGHO'!BN11-1 -> 0.013849764 | BP14: =+'Indice PondENGHO'!BO12/'Indice PondENGHO'!BO11-1 -> 0.013411135 | BQ14: =+'Indice PondENGHO'!BP12/'Indice PondENGHO'!BP11-1 -> 0.012821369 | BR14: =+'Indice PondENGHO'!BQ12/'Indice PondENGHO'!BQ11-1 -> 0.012393814 | BS14: =+'Indice PondENGHO'!BR12/'Indice PondENGHO'!BR11-1 -> 0.030352781 | BT14: =+'Indice PondENGHO'!BS12/'Indice PondENGHO'!BS11-1 -> 0.0085000476 | ... CE14: =+'Indice PondENGHO'!CD12/'Indice PondENGHO'!CD11-1 -> 0.013476633 | CG14: =+'Indice PondENGHO'!CF12/'Indice PondENGHO'!CF11-1 -> 0.012363395 | CI14: =+BM14-BQ14 -> 0.0012290132 | CJ14: =+'[3]Infla Mensual PondENGHO'!CF14 -> 0.0018482203 | CK14: =+CI14-CJ14 -> -0.00061920712
A15: =+DATE(C15,B15,1) -> 43040 | B15: =+IF(B14=12,1,B14+1) -> 11 | C15: 2017 | D15: =+'Indice PondENGHO'!D13/'Indice PondENGHO'!D12-1 -> 0.018500491 | E15: =+'Indice PondENGHO'!E13/'Indice PondENGHO'!E12-1 -> 0.006020407 | F15: =+'Indice PondENGHO'!F13/'Indice PondENGHO'!F12-1 -> 0.015031667 | G15: =+'Indice PondENGHO'!G13/'Indice PondENGHO'!G12-1 -> 0.013386137 | H15: =+'Indice PondENGHO'!H13/'Indice PondENGHO'!H12-1 -> 0.010230963 | I15: =+'Indice PondENGHO'!I13/'Indice PondENGHO'!I12-1 -> 0.012730552 | J15: =+'Indice PondENGHO'!J13/'Indice PondENGHO'!J12-1 -> 0.028882212 | K15: =+'Indice PondENGHO'!K13/'Indice PondENGHO'!K12-1 -> 0.0094774191 | ... BK15: =+'Indice PondENGHO'!BK13/'Indice PondENGHO'!BK12-1 -> 0.0064634738 | BL15: =+A15 -> 43040 | BM15: =+'Indice PondENGHO'!BL13/'Indice PondENGHO'!BL12-1 -> 0.015979991 | BN15: =+'Indice PondENGHO'!BM13/'Indice PondENGHO'!BM12-1 -> 0.015980937 | BO15: =+'Indice PondENGHO'!BN13/'Indice PondENGHO'!BN12-1 -> 0.01592988 | BP15: =+'Indice PondENGHO'!BO13/'Indice PondENGHO'!BO12-1 -> 0.015984154 | BQ15: =+'Indice PondENGHO'!BP13/'Indice PondENGHO'!BP12-1 -> 0.015314448 | BR15: =+'Indice PondENGHO'!BQ13/'Indice PondENGHO'!BQ12-1 -> 0.018344152 | BS15: =+'Indice PondENGHO'!BR13/'Indice PondENGHO'!BR12-1 -> 0.0063266901 | BT15: =+'Indice PondENGHO'!BS13/'Indice PondENGHO'!BS12-1 -> 0.015581383 | ... CE15: =+'Indice PondENGHO'!CD13/'Indice PondENGHO'!CD12-1 -> 0.015757137 | CG15: =+'Indice PondENGHO'!CF13/'Indice PondENGHO'!CF12-1 -> 0.016452897 | CI15: =+BM15-BQ15 -> 0.00066554254 | CJ15: =+'[3]Infla Mensual PondENGHO'!CF15 -> -0.00031779203 | CK15: =+CI15-CJ15 -> 0.00098333456
A16: =+DATE(C16,B16,1) -> 43070 | B16: =+IF(B15=12,1,B15+1) -> 12 | C16: 2017 | D16: =+'Indice PondENGHO'!D14/'Indice PondENGHO'!D13-1 -> 0.0090733938 | E16: =+'Indice PondENGHO'!E14/'Indice PondENGHO'!E13-1 -> -0.0013803521 | F16: =+'Indice PondENGHO'!F14/'Indice PondENGHO'!F13-1 -> 0.01917576 | G16: =+'Indice PondENGHO'!G14/'Indice PondENGHO'!G13-1 -> 0.16838597 | H16: =+'Indice PondENGHO'!H14/'Indice PondENGHO'!H13-1 -> 0.033017801 | I16: =+'Indice PondENGHO'!I14/'Indice PondENGHO'!I13-1 -> 0.021955589 | J16: =+'Indice PondENGHO'!J14/'Indice PondENGHO'!J13-1 -> 0.032482857 | K16: =+'Indice PondENGHO'!K14/'Indice PondENGHO'!K13-1 -> 0.0007979058 | ... BK16: =+'Indice PondENGHO'!BK14/'Indice PondENGHO'!BK13-1 -> 0.011514081 | BL16: =+A16 -> 43070 | BM16: =+'Indice PondENGHO'!BL14/'Indice PondENGHO'!BL13-1 -> 0.0291366 | BN16: =+'Indice PondENGHO'!BM14/'Indice PondENGHO'!BM13-1 -> 0.031652081 | BO16: =+'Indice PondENGHO'!BN14/'Indice PondENGHO'!BN13-1 -> 0.0323677 | BP16: =+'Indice PondENGHO'!BO14/'Indice PondENGHO'!BO13-1 -> 0.032889 | BQ16: =+'Indice PondENGHO'!BP14/'Indice PondENGHO'!BP13-1 -> 0.0346682 | BR16: =+'Indice PondENGHO'!BQ14/'Indice PondENGHO'!BQ13-1 -> 0.0084599736 | BS16: =+'Indice PondENGHO'!BR14/'Indice PondENGHO'!BR13-1 -> -0.00074686194 | BT16: =+'Indice PondENGHO'!BS14/'Indice PondENGHO'!BS13-1 -> 0.019799156 | ... CE16: =+'Indice PondENGHO'!CD14/'Indice PondENGHO'!CD13-1 -> 0.032721468 | CG16: =+'Indice PondENGHO'!CF14/'Indice PondENGHO'!CF13-1 -> 0.034948592 | CI16: =+BM16-BQ16 -> -0.0055315998 | CJ16: =+'[3]Infla Mensual PondENGHO'!CF16 -> -0.0051974867 | CK16: =+CI16-CJ16 -> -0.00033411311
... A75: =+DATE(C75,B75,1) -> 44866 | B75: =+IF(B74=12,1,B74+1) -> 11 | C75: 2022 | D75: =+'Indice PondENGHO'!D73/'Indice PondENGHO'!D72-1 -> 0.042598523 | E75: =+'Indice PondENGHO'!E73/'Indice PondENGHO'!E72-1 -> 0.058963729 | F75: =+'Indice PondENGHO'!F73/'Indice PondENGHO'!F72-1 -> 0.049196568 | G75: =+'Indice PondENGHO'!G73/'Indice PondENGHO'!G72-1 -> 0.079798022 | H75: =+'Indice PondENGHO'!H73/'Indice PondENGHO'!H72-1 -> 0.054546717 | I75: =+'Indice PondENGHO'!I73/'Indice PondENGHO'!I72-1 -> 0.043667413 | J75: =+'Indice PondENGHO'!J73/'Indice PondENGHO'!J72-1 -> 0.056754017 | K75: =+'Indice PondENGHO'!K73/'Indice PondENGHO'!K72-1 -> 0.063388731 | ... BK75: =+'Indice PondENGHO'!BK73/'Indice PondENGHO'!BK72-1 -> 0.05565725 | BL75: =+A75 -> 44866 | BM75: =+'Indice PondENGHO'!BL73/'Indice PondENGHO'!BL72-1 -> 0.049753903 | BN75: =+'Indice PondENGHO'!BM73/'Indice PondENGHO'!BM72-1 -> 0.051041963 | BO75: =+'Indice PondENGHO'!BN73/'Indice PondENGHO'!BN72-1 -> 0.051266333 | BP75: =+'Indice PondENGHO'!BO73/'Indice PondENGHO'!BO72-1 -> 0.051895774 | BQ75: =+'Indice PondENGHO'!BP73/'Indice PondENGHO'!BP72-1 -> 0.052705843 | BR75: =+'Indice PondENGHO'!BQ73/'Indice PondENGHO'!BQ72-1 -> 0.041918144 | BS75: =+'Indice PondENGHO'!BR73/'Indice PondENGHO'!BR72-1 -> 0.058865554 | BT75: =+'Indice PondENGHO'!BS73/'Indice PondENGHO'!BS72-1 -> 0.050531851 | ... CE75: =+'Indice PondENGHO'!CD73/'Indice PondENGHO'!CD72-1 -> 0.051643572 | CG75: =+'Indice PondENGHO'!CF73/'Indice PondENGHO'!CF72-1 -> 0.051672202 | CI75: =+BM75-BQ75 -> -0.0029519406 | CJ75: =+'[3]Infla Mensual PondENGHO'!CF75 -> -0.0038386139 | CK75: =+CI75-CJ75 -> 0.00088667325
A76: =+DATE(C76,B76,1) -> 44896 | B76: =+IF(B75=12,1,B75+1) -> 12 | C76: =+'Indice PondENGHO'!C74 -> 2022 | D76: =+'Indice PondENGHO'!D74/'Indice PondENGHO'!D73-1 -> 0.044304991 | E76: =+'Indice PondENGHO'!E74/'Indice PondENGHO'!E73-1 -> 0.064966791 | F76: =+'Indice PondENGHO'!F74/'Indice PondENGHO'!F73-1 -> 0.045534898 | G76: =+'Indice PondENGHO'!G74/'Indice PondENGHO'!G73-1 -> 0.041368847 | H76: =+'Indice PondENGHO'!H74/'Indice PondENGHO'!H73-1 -> 0.061234277 | I76: =+'Indice PondENGHO'!I74/'Indice PondENGHO'!I73-1 -> 0.05651096 | J76: =+'Indice PondENGHO'!J74/'Indice PondENGHO'!J73-1 -> 0.059139843 | K76: =+'Indice PondENGHO'!K74/'Indice PondENGHO'!K73-1 -> 0.02747537 | ... BK76: =+'Indice PondENGHO'!BK74/'Indice PondENGHO'!BK73-1 -> 0.056458437 | BL76: =+A76 -> 44896 | BM76: =+'Indice PondENGHO'!BL74/'Indice PondENGHO'!BL73-1 -> 0.049450148 | BN76: =+'Indice PondENGHO'!BM74/'Indice PondENGHO'!BM73-1 -> 0.051173772 | BO76: =+'Indice PondENGHO'!BN74/'Indice PondENGHO'!BN73-1 -> 0.051979888 | BP76: =+'Indice PondENGHO'!BO74/'Indice PondENGHO'!BO73-1 -> 0.052855242 | BQ76: =+'Indice PondENGHO'!BP74/'Indice PondENGHO'!BP73-1 -> 0.054102805 | BR76: =+'Indice PondENGHO'!BQ74/'Indice PondENGHO'!BQ73-1 -> 0.047128766 | BS76: =+'Indice PondENGHO'!BR74/'Indice PondENGHO'!BR73-1 -> 0.06506624 | BT76: =+'Indice PondENGHO'!BS74/'Indice PondENGHO'!BS73-1 -> 0.046213149 | ... CE76: =+'Indice PondENGHO'!CD74/'Indice PondENGHO'!CD73-1 -> 0.052414508 | CG76: =+'Indice PondENGHO'!CF74/'Indice PondENGHO'!CF73-1 -> 0.048902665 | CI76: =+BM76-BQ76 -> -0.0046526572 | CJ76: =+'[3]Infla Mensual PondENGHO'!CF76 -> -0.0043527748 | CK76: =+CI76-CJ76 -> -0.00029988238
A77: =+DATE(C77,B77,1) -> 44927 | B77: =+IF(B76=12,1,B76+1) -> 1 | C77: =+'Indice PondENGHO'!C75 -> 2023 | D77: =+'Indice PondENGHO'!D75/'Indice PondENGHO'!D74-1 -> 0.063191624 | E77: =+'Indice PondENGHO'!E75/'Indice PondENGHO'!E74-1 -> 0.062586548 | F77: =+'Indice PondENGHO'!F75/'Indice PondENGHO'!F74-1 -> 0.047731713 | G77: =+'Indice PondENGHO'!G75/'Indice PondENGHO'!G74-1 -> 0.076485503 | H77: =+'Indice PondENGHO'!H75/'Indice PondENGHO'!H74-1 -> 0.05811848 | I77: =+'Indice PondENGHO'!I75/'Indice PondENGHO'!I74-1 -> 0.047425609 | J77: =+'Indice PondENGHO'!J75/'Indice PondENGHO'!J74-1 -> 0.05701546 | K77: =+'Indice PondENGHO'!K75/'Indice PondENGHO'!K74-1 -> 0.058010757 | ... BK77: =+'Indice PondENGHO'!BK75/'Indice PondENGHO'!BK74-1 -> 0.063613325 | BL77: =+A77 -> 44927 | BM77: =+'Indice PondENGHO'!BL75/'Indice PondENGHO'!BL74-1 -> 0.061562879 | BN77: =+'Indice PondENGHO'!BM75/'Indice PondENGHO'!BM74-1 -> 0.061312086 | BO77: =+'Indice PondENGHO'!BN75/'Indice PondENGHO'!BN74-1 -> 0.060861321 | BP77: =+'Indice PondENGHO'!BO75/'Indice PondENGHO'!BO74-1 -> 0.060908642 | BQ77: =+'Indice PondENGHO'!BP75/'Indice PondENGHO'!BP74-1 -> 0.061057952 | BR77: =+'Indice PondENGHO'!BQ75/'Indice PondENGHO'!BQ74-1 -> 0.061313477 | BS77: =+'Indice PondENGHO'!BR75/'Indice PondENGHO'!BR74-1 -> 0.062820246 | BT77: =+'Indice PondENGHO'!BS75/'Indice PondENGHO'!BS74-1 -> 0.048839733 | ... CE77: =+'Indice PondENGHO'!CD75/'Indice PondENGHO'!CD74-1 -> 0.061091869 | CG77: =+'Indice PondENGHO'!CF75/'Indice PondENGHO'!CF74-1 -> 0.057138602 | CI77: =+BM77-BQ77 -> 0.00050492682 | CJ77: =+'[3]Infla Mensual PondENGHO'!CF77 -> 0.0018315332 | CK77: =+CI77-CJ77 -> -0.0013266064
A78: =+DATE(C78,B78,1) -> 44958 | B78: =+IF(B77=12,1,B77+1) -> 2 | C78: 2023 | D78: =+'Indice PondENGHO'!D76/'Indice PondENGHO'!D75-1 -> 0.085940742 | E78: =+'Indice PondENGHO'!E76/'Indice PondENGHO'!E75-1 -> 0.052383452 | F78: =+'Indice PondENGHO'!F76/'Indice PondENGHO'!F75-1 -> 0.053626656 | G78: =+'Indice PondENGHO'!G76/'Indice PondENGHO'!G75-1 -> 0.046871427 | H78: =+'Indice PondENGHO'!H76/'Indice PondENGHO'!H75-1 -> 0.054673749 | I78: =+'Indice PondENGHO'!I76/'Indice PondENGHO'!I75-1 -> 0.052697032 | J78: =+'Indice PondENGHO'!J76/'Indice PondENGHO'!J75-1 -> 0.051236644 | K78: =+'Indice PondENGHO'!K76/'Indice PondENGHO'!K75-1 -> 0.061865416 | ... BK78: =+'Indice PondENGHO'!BK76/'Indice PondENGHO'!BK75-1 -> 0.064745803 | BL78: =+A78 -> 44958 | BM78: =+'Indice PondENGHO'!BL76/'Indice PondENGHO'!BL75-1 -> 0.068906257 | BN78: =+'Indice PondENGHO'!BM76/'Indice PondENGHO'!BM75-1 -> 0.066308462 | BO78: =+'Indice PondENGHO'!BN76/'Indice PondENGHO'!BN75-1 -> 0.065136001 | BP78: =+'Indice PondENGHO'!BO76/'Indice PondENGHO'!BO75-1 -> 0.063500537 | BQ78: =+'Indice PondENGHO'!BP76/'Indice PondENGHO'!BP75-1 -> 0.06179321 | BR78: =+'Indice PondENGHO'!BQ76/'Indice PondENGHO'!BQ75-1 -> 0.084448058 | BS78: =+'Indice PondENGHO'!BR76/'Indice PondENGHO'!BR75-1 -> 0.052015246 | BT78: =+'Indice PondENGHO'!BS76/'Indice PondENGHO'!BS75-1 -> 0.054571423 | ... CE78: =+'Indice PondENGHO'!CD76/'Indice PondENGHO'!CD75-1 -> 0.064349801 | CG78: =+'Indice PondENGHO'!CF76/'Indice PondENGHO'!CF75-1 -> 0.063708787 | CI78: =+BM78-BQ78 -> 0.007113047 | CJ78: =+'[3]Infla Mensual PondENGHO'!CF78 -> 0.0096861578 | CK78: =+CI78-CJ78 -> -0.0025731108
A79: =+DATE(C79,B79,1) -> 44986 | B79: =+IF(B78=12,1,B78+1) -> 3 | C79: =+IF(B79=1,C78+1,C78) -> 2023 | D79: =+'Indice PondENGHO'!D77/'Indice PondENGHO'!D76-1 -> 0.074476493 | E79: =+'Indice PondENGHO'!E77/'Indice PondENGHO'!E76-1 -> 0.075097822 | F79: =+'Indice PondENGHO'!F77/'Indice PondENGHO'!F76-1 -> 0.06179771 | G79: =+'Indice PondENGHO'!G77/'Indice PondENGHO'!G76-1 -> 0.063386983 | H79: =+'Indice PondENGHO'!H77/'Indice PondENGHO'!H76-1 -> 0.062387851 | I79: =+'Indice PondENGHO'!I77/'Indice PondENGHO'!I76-1 -> 0.05744921 | J79: =+'Indice PondENGHO'!J77/'Indice PondENGHO'!J76-1 -> 0.052314642 | K79: =+'Indice PondENGHO'!K77/'Indice PondENGHO'!K76-1 -> 0.016745426 | ... BK79: =+'Indice PondENGHO'!BK77/'Indice PondENGHO'!BK76-1 -> 0.061234523 | BL79: =+A79 -> 44986 | BM79: =+'Indice PondENGHO'!BL77/'Indice PondENGHO'!BL76-1 -> 0.066435646 | BN79: =+'Indice PondENGHO'!BM77/'Indice PondENGHO'!BM76-1 -> 0.066233424 | BO79: =+'Indice PondENGHO'!BN77/'Indice PondENGHO'!BN76-1 -> 0.066278472 | BP79: =+'Indice PondENGHO'!BO77/'Indice PondENGHO'!BO76-1 -> 0.065420395 | BQ79: =+'Indice PondENGHO'!BP77/'Indice PondENGHO'!BP76-1 -> 0.064486252 | BR79: =+'Indice PondENGHO'!BQ77/'Indice PondENGHO'!BQ76-1 -> 0.077165873 | BS79: =+'Indice PondENGHO'!BR77/'Indice PondENGHO'!BR76-1 -> 0.07424442 | BT79: =+'Indice PondENGHO'!BS77/'Indice PondENGHO'!BS76-1 -> 0.061891895 | ... CE79: =+'Indice PondENGHO'!CD77/'Indice PondENGHO'!CD76-1 -> 0.065527118 | CG79: =+'Indice PondENGHO'!CF77/'Indice PondENGHO'!CF76-1 -> 0.064750863 | CI79: =+BM79-BQ79 -> 0.0019493948 | CJ79: =+'[3]Infla Mensual PondENGHO'!CF79 -> 0.0025683985 | CK79: =+CI79-CJ79 -> -0.00061900366
A80: =+DATE(C80,B80,1) -> 45017 | B80: =+IF(B79=12,1,B79+1) -> 4 | C80: =+IF(B80=1,C79+1,C79) -> 2023 | D80: =+'Indice PondENGHO'!D78/'Indice PondENGHO'!D77-1 -> 0.09772292 | E80: =+'Indice PondENGHO'!E78/'Indice PondENGHO'!E77-1 -> 0.049390036 | F80: =+'Indice PondENGHO'!F78/'Indice PondENGHO'!F77-1 -> 0.077953769 | G80: =+'Indice PondENGHO'!G78/'Indice PondENGHO'!G77-1 -> 0.052465326 | H80: =+'Indice PondENGHO'!H78/'Indice PondENGHO'!H77-1 -> 0.086056293 | I80: =+'Indice PondENGHO'!I78/'Indice PondENGHO'!I77-1 -> 0.065693126 | J80: =+'Indice PondENGHO'!J78/'Indice PondENGHO'!J77-1 -> 0.062816355 | K80: =+'Indice PondENGHO'!K78/'Indice PondENGHO'!K77-1 -> 0.061983146 | ... BK80: =+'Indice PondENGHO'!BK78/'Indice PondENGHO'!BK77-1 -> 0.072339019 | BL80: =+A80 -> 45017 | BM80: =+'Indice PondENGHO'!BL78/'Indice PondENGHO'!BL77-1 -> 0.082785213 | BN80: =+'Indice PondENGHO'!BM78/'Indice PondENGHO'!BM77-1 -> 0.081477849 | BO80: =+'Indice PondENGHO'!BN78/'Indice PondENGHO'!BN77-1 -> 0.081391394 | BP80: =+'Indice PondENGHO'!BO78/'Indice PondENGHO'!BO77-1 -> 0.080669597 | BQ80: =+'Indice PondENGHO'!BP78/'Indice PondENGHO'!BP77-1 -> 0.079838651 | BR80: =+'Indice PondENGHO'!BQ78/'Indice PondENGHO'!BQ77-1 -> 0.099657054 | BS80: =+'Indice PondENGHO'!BR78/'Indice PondENGHO'!BR77-1 -> 0.048015216 | BT80: =+'Indice PondENGHO'!BS78/'Indice PondENGHO'!BS77-1 -> 0.079436154 | ... CE80: =+'Indice PondENGHO'!CD78/'Indice PondENGHO'!CD77-1 -> 0.080921701 | CG80: =+'Indice PondENGHO'!CF78/'Indice PondENGHO'!CF77-1 -> 0.082482946 | CI80: =+BM80-BQ80 -> 0.0029465613 | CJ80: =+'[3]Infla Mensual PondENGHO'!CF80 -> 0.0036589518 | CK80: =+CI80-CJ80 -> -0.00071239055
A81: =+DATE(C81,B81,1) -> 45047 | B81: =+IF(B80=12,1,B80+1) -> 5 | C81: =+IF(B81=1,C80+1,C80) -> 2023 | D81: =+'Indice PondENGHO'!D79/'Indice PondENGHO'!D78-1 -> 0.073868288 | E81: =+'Indice PondENGHO'!E79/'Indice PondENGHO'!E78-1 -> 0.092473732 | F81: =+'Indice PondENGHO'!F79/'Indice PondENGHO'!F78-1 -> 0.082327095 | G81: =+'Indice PondENGHO'!G79/'Indice PondENGHO'!G78-1 -> 0.11793879 | H81: =+'Indice PondENGHO'!H79/'Indice PondENGHO'!H78-1 -> 0.092015868 | I81: =+'Indice PondENGHO'!I79/'Indice PondENGHO'!I78-1 -> 0.094097729 | J81: =+'Indice PondENGHO'!J79/'Indice PondENGHO'!J78-1 -> 0.07623932 | K81: =+'Indice PondENGHO'!K79/'Indice PondENGHO'!K78-1 -> 0.070042704 | ... BK81: =+'Indice PondENGHO'!BK79/'Indice PondENGHO'!BK78-1 -> 0.077754428 | BL81: =+A81 -> 45047 | BM81: =+'Indice PondENGHO'!BL79/'Indice PondENGHO'!BL78-1 -> 0.081827593 | BN81: =+'Indice PondENGHO'!BM79/'Indice PondENGHO'!BM78-1 -> 0.082642878 | BO81: =+'Indice PondENGHO'!BN79/'Indice PondENGHO'!BN78-1 -> 0.083074244 | BP81: =+'Indice PondENGHO'!BO79/'Indice PondENGHO'!BO78-1 -> 0.083725891 | BQ81: =+'Indice PondENGHO'!BP79/'Indice PondENGHO'!BP78-1 -> 0.085315877 | BR81: =+'Indice PondENGHO'!BQ79/'Indice PondENGHO'!BQ78-1 -> 0.072590941 | BS81: =+'Indice PondENGHO'!BR79/'Indice PondENGHO'!BR78-1 -> 0.092379757 | BT81: =+'Indice PondENGHO'!BS79/'Indice PondENGHO'!BS78-1 -> 0.082816148 | ... CE81: =+'Indice PondENGHO'!CD79/'Indice PondENGHO'!CD78-1 -> 0.083711689 | CG81: =+'Indice PondENGHO'!CF79/'Indice PondENGHO'!CF78-1 -> 0.083346592 | CI81: =+BM81-BQ81 -> -0.0034882835 | CJ81: =+'[3]Infla Mensual PondENGHO'!CF81 -> -0.0056671735 | CK81: =+CI81-CJ81 -> 0.0021788899
A82: =+DATE(C82,B82,1) -> 45078 | B82: =+IF(B81=12,1,B81+1) -> 6 | C82: =+IF(B82=1,C81+1,C81) -> 2023 | D82: =+'Indice PondENGHO'!D80/'Indice PondENGHO'!D79-1 -> 0.057423891 | E82: =+'Indice PondENGHO'!E80/'Indice PondENGHO'!E79-1 -> 0.05201949 | F82: =+'Indice PondENGHO'!F80/'Indice PondENGHO'!F79-1 -> 0.056844866 | G82: =+'Indice PondENGHO'!G80/'Indice PondENGHO'!G79-1 -> 0.094919205 | H82: =+'Indice PondENGHO'!H80/'Indice PondENGHO'!H79-1 -> 0.079061268 | I82: =+'Indice PondENGHO'!I80/'Indice PondENGHO'!I79-1 -> 0.087120609 | J82: =+'Indice PondENGHO'!J80/'Indice PondENGHO'!J79-1 -> 0.065072252 | K82: =+'Indice PondENGHO'!K80/'Indice PondENGHO'!K79-1 -> 0.10484654 | ... BK82: =+'Indice PondENGHO'!BK80/'Indice PondENGHO'!BK79-1 -> 0.076257695 | BL82: =+A82 -> 45078 | BM82: =+'Indice PondENGHO'!BL80/'Indice PondENGHO'!BL79-1 -> 0.064861226 | BN82: =+'Indice PondENGHO'!BM80/'Indice PondENGHO'!BM79-1 -> 0.064974828 | BO82: =+'Indice PondENGHO'!BN80/'Indice PondENGHO'!BN79-1 -> 0.065309358 | BP82: =+'Indice PondENGHO'!BO80/'Indice PondENGHO'!BO79-1 -> 0.066069522 | BQ82: =+'Indice PondENGHO'!BP80/'Indice PondENGHO'!BP79-1 -> 0.067521065 | BR82: =+'Indice PondENGHO'!BQ80/'Indice PondENGHO'!BQ79-1 -> 0.055620179 | BS82: =+'Indice PondENGHO'!BR80/'Indice PondENGHO'!BR79-1 -> 0.051079545 | BT82: =+'Indice PondENGHO'!BS80/'Indice PondENGHO'!BS79-1 -> 0.057091082 | ... CE82: =+'Indice PondENGHO'!CD80/'Indice PondENGHO'!CD79-1 -> 0.066077092 | CG82: =+'Indice PondENGHO'!CF80/'Indice PondENGHO'!CF79-1 -> 0.067566645 | CI82: =+BM82-BQ82 -> -0.0026598391 | CJ82: =+'[3]Infla Mensual PondENGHO'!CF82 -> -0.0051543199 | CK82: =+CI82-CJ82 -> 0.0024944808
A83: =+DATE(C83,B83,1) -> 45108 | B83: =+IF(B82=12,1,B82+1) -> 7 | C83: =+IF(B83=1,C82+1,C82) -> 2023 | D83: =+'Indice PondENGHO'!D81/'Indice PondENGHO'!D80-1 -> 0.064548144 | E83: =+'Indice PondENGHO'!E81/'Indice PondENGHO'!E80-1 -> 0.097261825 | F83: =+'Indice PondENGHO'!F81/'Indice PondENGHO'!F80-1 -> 0.052614033 | G83: =+'Indice PondENGHO'!G81/'Indice PondENGHO'!G80-1 -> 0.042831725 | H83: =+'Indice PondENGHO'!H81/'Indice PondENGHO'!H80-1 -> 0.059358243 | I83: =+'Indice PondENGHO'!I81/'Indice PondENGHO'!I80-1 -> 0.092599049 | J83: =+'Indice PondENGHO'!J81/'Indice PondENGHO'!J80-1 -> 0.05688005 | K83: =+'Indice PondENGHO'!K81/'Indice PondENGHO'!K80-1 -> 0.12941816 | ... BK83: =+'Indice PondENGHO'!BK81/'Indice PondENGHO'!BK80-1 -> 0.066704758 | BL83: =+A83 -> 45108 | BM83: =+'Indice PondENGHO'!BL81/'Indice PondENGHO'!BL80-1 -> 0.067579479 | BN83: =+'Indice PondENGHO'!BM81/'Indice PondENGHO'!BM80-1 -> 0.068308036 | BO83: =+'Indice PondENGHO'!BN81/'Indice PondENGHO'!BN80-1 -> 0.069126749 | BP83: =+'Indice PondENGHO'!BO81/'Indice PondENGHO'!BO80-1 -> 0.069272137 | BQ83: =+'Indice PondENGHO'!BP81/'Indice PondENGHO'!BP80-1 -> 0.070257859 | BR83: =+'Indice PondENGHO'!BQ81/'Indice PondENGHO'!BQ80-1 -> 0.065692531 | BS83: =+'Indice PondENGHO'!BR81/'Indice PondENGHO'!BR80-1 -> 0.097370173 | BT83: =+'Indice PondENGHO'!BS81/'Indice PondENGHO'!BS80-1 -> 0.053504497 | ... CE83: =+'Indice PondENGHO'!CD81/'Indice PondENGHO'!CD80-1 -> 0.069201071 | CG83: =+'Indice PondENGHO'!CF81/'Indice PondENGHO'!CF80-1 -> 0.072511495 | CI83: =+BM83-BQ83 -> -0.0026783804 | CJ83: =+'[3]Infla Mensual PondENGHO'!CF83 -> -0.0045307474 | CK83: =+CI83-CJ83 -> 0.001852367
A84: =+DATE(C84,B84,1) -> 45139 | B84: =+IF(B83=12,1,B83+1) -> 8 | C84: =+IF(B84=1,C83+1,C83) -> 2023 | D84: =+'Indice PondENGHO'!D82/'Indice PondENGHO'!D81-1 -> 0.15988408 | E84: =+'Indice PondENGHO'!E82/'Indice PondENGHO'!E81-1 -> 0.093989585 | F84: =+'Indice PondENGHO'!F82/'Indice PondENGHO'!F81-1 -> 0.10119574 | G84: =+'Indice PondENGHO'!G82/'Indice PondENGHO'!G81-1 -> 0.083323782 | H84: =+'Indice PondENGHO'!H82/'Indice PondENGHO'!H81-1 -> 0.14041437 | I84: =+'Indice PondENGHO'!I82/'Indice PondENGHO'!I81-1 -> 0.1516956 | J84: =+'Indice PondENGHO'!J82/'Indice PondENGHO'!J81-1 -> 0.10612631 | K84: =+'Indice PondENGHO'!K82/'Indice PondENGHO'!K81-1 -> 0.062547906 | ... BK84: =+'Indice PondENGHO'!BK82/'Indice PondENGHO'!BK81-1 -> 0.087504231 | BL84: =+A84 -> 45139 | BM84: =+'Indice PondENGHO'!BL82/'Indice PondENGHO'!BL81-1 -> 0.13102465 | BN84: =+'Indice PondENGHO'!BM82/'Indice PondENGHO'!BM81-1 -> 0.12678788 | BO84: =+'Indice PondENGHO'!BN82/'Indice PondENGHO'!BN81-1 -> 0.12570794 | BP84: =+'Indice PondENGHO'!BO82/'Indice PondENGHO'!BO81-1 -> 0.12401532 | BQ84: =+'Indice PondENGHO'!BP82/'Indice PondENGHO'!BP81-1 -> 0.12266616 | BR84: =+'Indice PondENGHO'!BQ82/'Indice PondENGHO'!BQ81-1 -> 0.15624836 | BS84: =+'Indice PondENGHO'!BR82/'Indice PondENGHO'!BR81-1 -> 0.090698475 | BT84: =+'Indice PondENGHO'!BS82/'Indice PondENGHO'!BS81-1 -> 0.099992158 | ... CE84: =+'Indice PondENGHO'!CD82/'Indice PondENGHO'!CD81-1 -> 0.12518498 | CG84: =+'Indice PondENGHO'!CF82/'Indice PondENGHO'!CF81-1 -> 0.12546468 | CI84: =+BM84-BQ84 -> 0.0083584855 | CJ84: =+'[3]Infla Mensual PondENGHO'!CF84 -> 0.0086332003 | CK84: =+CI84-CJ84 -> -0.00027471476
A85: =+DATE(C85,B85,1) -> 45170 | B85: =+IF(B84=12,1,B84+1) -> 9 | C85: =+IF(B85=1,C84+1,C84) -> 2023 | D85: =+'Indice PondENGHO'!D83/'Indice PondENGHO'!D82-1 -> 0.13989187 | E85: =+'Indice PondENGHO'!E83/'Indice PondENGHO'!E82-1 -> 0.10940414 | F85: =+'Indice PondENGHO'!F83/'Indice PondENGHO'!F82-1 -> 0.11816263 | G85: =+'Indice PondENGHO'!G83/'Indice PondENGHO'!G82-1 -> 0.089623884 | H85: =+'Indice PondENGHO'!H83/'Indice PondENGHO'!H82-1 -> 0.1231032 | I85: =+'Indice PondENGHO'!I83/'Indice PondENGHO'!I82-1 -> 0.099285934 | J85: =+'Indice PondENGHO'!J83/'Indice PondENGHO'!J82-1 -> 0.11183237 | K85: =+'Indice PondENGHO'!K83/'Indice PondENGHO'!K82-1 -> 0.10597047 | ... BK85: =+'Indice PondENGHO'!BK83/'Indice PondENGHO'!BK82-1 -> 0.11626027 | BL85: =+A85 -> 45170 | BM85: =+'Indice PondENGHO'!BL83/'Indice PondENGHO'!BL82-1 -> 0.1262439 | BN85: =+'Indice PondENGHO'!BM83/'Indice PondENGHO'!BM82-1 -> 0.12403172 | BO85: =+'Indice PondENGHO'!BN83/'Indice PondENGHO'!BN82-1 -> 0.12332462 | BP85: =+'Indice PondENGHO'!BO83/'Indice PondENGHO'!BO82-1 -> 0.12179792 | BQ85: =+'Indice PondENGHO'!BP83/'Indice PondENGHO'!BP82-1 -> 0.11977724 | BR85: =+'Indice PondENGHO'!BQ83/'Indice PondENGHO'!BQ82-1 -> 0.13958089 | BS85: =+'Indice PondENGHO'!BR83/'Indice PondENGHO'!BR82-1 -> 0.10889917 | BT85: =+'Indice PondENGHO'!BS83/'Indice PondENGHO'!BS82-1 -> 0.11852765 | ... CE85: =+'Indice PondENGHO'!CD83/'Indice PondENGHO'!CD82-1 -> 0.12232617 | CG85: =+'Indice PondENGHO'!CF83/'Indice PondENGHO'!CF82-1 -> 0.12308681 | CI85: =+BM85-BQ85 -> 0.0064666518 | CJ85: =+'[3]Infla Mensual PondENGHO'!CF85 -> 0.0077424829 | CK85: =+CI85-CJ85 -> -0.0012758311
A86: =+DATE(C86,B86,1) -> 45200 | B86: =+IF(B85=12,1,B85+1) -> 10 | C86: =+IF(B86=1,C85+1,C85) -> 2023 | D86: =+'Indice PondENGHO'!D84/'Indice PondENGHO'!D83-1 -> 0.070940824 | E86: =+'Indice PondENGHO'!E84/'Indice PondENGHO'!E83-1 -> 0.097771887 | F86: =+'Indice PondENGHO'!F84/'Indice PondENGHO'!F83-1 -> 0.098493093 | G86: =+'Indice PondENGHO'!G84/'Indice PondENGHO'!G83-1 -> 0.072303598 | H86: =+'Indice PondENGHO'!H84/'Indice PondENGHO'!H83-1 -> 0.10287852 | I86: =+'Indice PondENGHO'!I84/'Indice PondENGHO'!I83-1 -> 0.04858806 | J86: =+'Indice PondENGHO'!J84/'Indice PondENGHO'!J83-1 -> 0.07017971 | K86: =+'Indice PondENGHO'!K84/'Indice PondENGHO'!K83-1 -> 0.13322998 | ... BK86: =+'Indice PondENGHO'!BK84/'Indice PondENGHO'!BK83-1 -> 0.067568077 | BL86: =+A86 -> 45200 | BM86: =+'Indice PondENGHO'!BL84/'Indice PondENGHO'!BL83-1 -> 0.079175418 | BN86: =+'Indice PondENGHO'!BM84/'Indice PondENGHO'!BM83-1 -> 0.080654974 | BO86: =+'Indice PondENGHO'!BN84/'Indice PondENGHO'!BN83-1 -> 0.08101993 | BP86: =+'Indice PondENGHO'!BO84/'Indice PondENGHO'!BO83-1 -> 0.081171927 | BQ86: =+'Indice PondENGHO'!BP84/'Indice PondENGHO'!BP83-1 -> 0.082219352 | BR86: =+'Indice PondENGHO'!BQ84/'Indice PondENGHO'!BQ83-1 -> 0.073196951 | BS86: =+'Indice PondENGHO'!BR84/'Indice PondENGHO'!BR83-1 -> 0.098803486 | BT86: =+'Indice PondENGHO'!BS84/'Indice PondENGHO'!BS83-1 -> 0.10028989 | ... CE86: =+'Indice PondENGHO'!CD84/'Indice PondENGHO'!CD83-1 -> 0.081148246
A87: =+DATE(C87,B87,1) -> 45231 | B87: =+IF(B86=12,1,B86+1) -> 11 | C87: =+IF(B87=1,C86+1,C86) -> 2023 | D87: =+'Indice PondENGHO'!D85/'Indice PondENGHO'!D84-1 -> 0.15924591 | E87: =+'Indice PondENGHO'!E85/'Indice PondENGHO'!E84-1 -> 0.11191708 | F87: =+'Indice PondENGHO'!F85/'Indice PondENGHO'!F84-1 -> 0.10704355 | G87: =+'Indice PondENGHO'!G85/'Indice PondENGHO'!G84-1 -> 0.073952326 | H87: =+'Indice PondENGHO'!H85/'Indice PondENGHO'!H84-1 -> 0.1269198 | I87: =+'Indice PondENGHO'!I85/'Indice PondENGHO'!I84-1 -> 0.15587344 | J87: =+'Indice PondENGHO'!J85/'Indice PondENGHO'!J84-1 -> 0.10284753 | K87: =+'Indice PondENGHO'!K85/'Indice PondENGHO'!K84-1 -> 0.15417657 | ... BK87: =+'Indice PondENGHO'!BK85/'Indice PondENGHO'!BK84-1 -> 0.1121319 | BL87: =+A87 -> 45231 | BM87: =+'Indice PondENGHO'!BL85/'Indice PondENGHO'!BL84-1 -> 0.13411943 | BN87: =+'Indice PondENGHO'!BM85/'Indice PondENGHO'!BM84-1 -> 0.13199829 | BO87: =+'Indice PondENGHO'!BN85/'Indice PondENGHO'!BN84-1 -> 0.13211334 | BP87: =+'Indice PondENGHO'!BO85/'Indice PondENGHO'!BO84-1 -> 0.13054768 | BQ87: =+'Indice PondENGHO'!BP85/'Indice PondENGHO'!BP84-1 -> 0.12902321 | BR87: =+'Indice PondENGHO'!BQ85/'Indice PondENGHO'!BQ84-1 -> 0.16256925 | BS87: =+'Indice PondENGHO'!BR85/'Indice PondENGHO'!BR84-1 -> 0.11217353 | BT87: =+'Indice PondENGHO'!BS85/'Indice PondENGHO'!BS84-1 -> 0.10601936 | ... CE87: =+'Indice PondENGHO'!CD85/'Indice PondENGHO'!CD84-1 -> 0.13101193
A88: =+DATE(C88,B88,1) -> 45261 | B88: =+IF(B87=12,1,B87+1) -> 12 | C88: =+IF(B88=1,C87+1,C87) -> 2023 | D88: =+'Indice PondENGHO'!D86/'Indice PondENGHO'!D85-1 -> 0.29957664 | E88: =+'Indice PondENGHO'!E86/'Indice PondENGHO'!E85-1 -> 0.19325847 | F88: =+'Indice PondENGHO'!F86/'Indice PondENGHO'!F85-1 -> 0.17222868 | G88: =+'Indice PondENGHO'!G86/'Indice PondENGHO'!G85-1 -> 0.13844678 | H88: =+'Indice PondENGHO'!H86/'Indice PondENGHO'!H85-1 -> 0.30529334 | I88: =+'Indice PondENGHO'!I86/'Indice PondENGHO'!I85-1 -> 0.331238 | J88: =+'Indice PondENGHO'!J86/'Indice PondENGHO'!J85-1 -> 0.32272851 | K88: =+'Indice PondENGHO'!K86/'Indice PondENGHO'!K85-1 -> 0.14885742 | ... BK88: =+'Indice PondENGHO'!BK86/'Indice PondENGHO'!BK85-1 -> 0.31640693 | BL88: =+A88 -> 45261 | BM88: =+'Indice PondENGHO'!BL86/'Indice PondENGHO'!BL85-1 -> 0.26011354 | BN88: =+'Indice PondENGHO'!BM86/'Indice PondENGHO'!BM85-1 -> 0.25662257 | BO88: =+'Indice PondENGHO'!BN86/'Indice PondENGHO'!BN85-1 -> 0.25601713 | BP88: =+'Indice PondENGHO'!BO86/'Indice PondENGHO'!BO85-1 -> 0.2554964 | BQ88: =+'Indice PondENGHO'!BP86/'Indice PondENGHO'!BP85-1 -> 0.25268343 | BR88: =+'Indice PondENGHO'!BQ86/'Indice PondENGHO'!BQ85-1 -> 0.29878197 | BS88: =+'Indice PondENGHO'!BR86/'Indice PondENGHO'!BR85-1 -> 0.19444091 | BT88: =+'Indice PondENGHO'!BS86/'Indice PondENGHO'!BS85-1 -> 0.17473353 | ... CE88: =+'Indice PondENGHO'!CD86/'Indice PondENGHO'!CD85-1 -> 0.2554472
A89: =+DATE(C89,B89,1) -> 45292 | B89: =+IF(B88=12,1,B88+1) -> 1 | C89: =+IF(B89=1,C88+1,C88) -> 2024 | D89: =+'Indice PondENGHO'!D87/'Indice PondENGHO'!D86-1 -> 0.19685818 | E89: =+'Indice PondENGHO'!E87/'Indice PondENGHO'!E86-1 -> 0.19852694 | F89: =+'Indice PondENGHO'!F87/'Indice PondENGHO'!F86-1 -> 0.14377329 | G89: =+'Indice PondENGHO'!G87/'Indice PondENGHO'!G86-1 -> 0.15611659 | H89: =+'Indice PondENGHO'!H87/'Indice PondENGHO'!H86-1 -> 0.22614027 | I89: =+'Indice PondENGHO'!I87/'Indice PondENGHO'!I86-1 -> 0.20409534 | J89: =+'Indice PondENGHO'!J87/'Indice PondENGHO'!J86-1 -> 0.2666921 | K89: =+'Indice PondENGHO'!K87/'Indice PondENGHO'!K86-1 -> 0.22630622 | ... BK89: =+'Indice PondENGHO'!BK87/'Indice PondENGHO'!BK86-1 -> 0.43894517 | BL89: =+A89 -> 45292 | BM89: =+'Indice PondENGHO'!BL87/'Indice PondENGHO'!BL86-1 -> 0.20324766 | BN89: =+'Indice PondENGHO'!BM87/'Indice PondENGHO'!BM86-1 -> 0.20502921 | BO89: =+'Indice PondENGHO'!BN87/'Indice PondENGHO'!BN86-1 -> 0.20520063 | BP89: =+'Indice PondENGHO'!BO87/'Indice PondENGHO'!BO86-1 -> 0.20785203 | BQ89: =+'Indice PondENGHO'!BP87/'Indice PondENGHO'!BP86-1 -> 0.20868213 | BR89: =+'Indice PondENGHO'!BQ87/'Indice PondENGHO'!BQ86-1 -> 0.19724939 | BS89: =+'Indice PondENGHO'!BR87/'Indice PondENGHO'!BR86-1 -> 0.20029938 | BT89: =+'Indice PondENGHO'!BS87/'Indice PondENGHO'!BS86-1 -> 0.14567477 | ... CE89: =+'Indice PondENGHO'!CD87/'Indice PondENGHO'!CD86-1 -> 0.20662379
A90: =+DATE(C90,B90,1) -> 45323 | B90: =+IF(B89=12,1,B89+1) -> 2 | C90: =+IF(B90=1,C89+1,C89) -> 2024 | D90: =+'Indice PondENGHO'!D88/'Indice PondENGHO'!D87-1 -> 0.099165048 | E90: =+'Indice PondENGHO'!E88/'Indice PondENGHO'!E87-1 -> 0.17306443 | F90: =+'Indice PondENGHO'!F88/'Indice PondENGHO'!F87-1 -> 0.090321627 | G90: =+'Indice PondENGHO'!G88/'Indice PondENGHO'!G87-1 -> 0.20008932 | H90: =+'Indice PondENGHO'!H88/'Indice PondENGHO'!H87-1 -> 0.10384536 | I90: =+'Indice PondENGHO'!I88/'Indice PondENGHO'!I87-1 -> 0.13197332 | J90: =+'Indice PondENGHO'!J88/'Indice PondENGHO'!J87-1 -> 0.1953684 | K90: =+'Indice PondENGHO'!K88/'Indice PondENGHO'!K87-1 -> 0.22184103 | ... BK90: =+'Indice PondENGHO'!BK88/'Indice PondENGHO'!BK87-1 -> 0.16241494 | BL90: =+A90 -> 45323 | BM90: =+'Indice PondENGHO'!BL88/'Indice PondENGHO'!BL87-1 -> 0.11970581 | BN90: =+'Indice PondENGHO'!BM88/'Indice PondENGHO'!BM87-1 -> 0.12597741 | BO90: =+'Indice PondENGHO'!BN88/'Indice PondENGHO'!BN87-1 -> 0.12646971 | BP90: =+'Indice PondENGHO'!BO88/'Indice PondENGHO'!BO87-1 -> 0.13059046 | BQ90: =+'Indice PondENGHO'!BP88/'Indice PondENGHO'!BP87-1 -> 0.13289624 | BR90: =+'Indice PondENGHO'!BQ88/'Indice PondENGHO'!BQ87-1 -> 0.10350724 | BS90: =+'Indice PondENGHO'!BR88/'Indice PondENGHO'!BR87-1 -> 0.17682238 | BT90: =+'Indice PondENGHO'!BS88/'Indice PondENGHO'!BS87-1 -> 0.088388737 | ... CE90: =+'Indice PondENGHO'!CD88/'Indice PondENGHO'!CD87-1 -> 0.12850724
A91: =+DATE(C91,B91,1) -> 45352 | B91: =+IF(B90=12,1,B90+1) -> 3 | C91: =+IF(B91=1,C90+1,C90) -> 2024 | D91: =+'Indice PondENGHO'!D89/'Indice PondENGHO'!D88-1 -> 0.081959879 | E91: =+'Indice PondENGHO'!E89/'Indice PondENGHO'!E88-1 -> 0.11355733 | F91: =+'Indice PondENGHO'!F89/'Indice PondENGHO'!F88-1 -> 0.074207978 | G91: =+'Indice PondENGHO'!G89/'Indice PondENGHO'!G88-1 -> 0.12508337 | H91: =+'Indice PondENGHO'!H89/'Indice PondENGHO'!H88-1 -> 0.052620767 | I91: =+'Indice PondENGHO'!I89/'Indice PondENGHO'!I88-1 -> 0.12011724 | J91: =+'Indice PondENGHO'!J89/'Indice PondENGHO'!J88-1 -> 0.13676546 | K91: =+'Indice PondENGHO'!K89/'Indice PondENGHO'!K88-1 -> 0.15311694 | ... BK91: =+'Indice PondENGHO'!BK89/'Indice PondENGHO'!BK88-1 -> 0.093340979 | BL91: =+A91 -> 45352 | BM91: =+'Indice PondENGHO'!BL89/'Indice PondENGHO'!BL88-1 -> 0.093129177 | BN91: =+'Indice PondENGHO'!BM89/'Indice PondENGHO'!BM88-1 -> 0.096895313 | BO91: =+'Indice PondENGHO'!BN89/'Indice PondENGHO'!BN88-1 -> 0.098724153 | BP91: =+'Indice PondENGHO'!BO89/'Indice PondENGHO'!BO88-1 -> 0.099941686 | BQ91: =+'Indice PondENGHO'!BP89/'Indice PondENGHO'!BP88-1 -> 0.10061208 | BR91: =+'Indice PondENGHO'!BQ89/'Indice PondENGHO'!BQ88-1 -> 0.085313496 | BS91: =+'Indice PondENGHO'!BR89/'Indice PondENGHO'!BR88-1 -> 0.11396945 | BT91: =+'Indice PondENGHO'!BS89/'Indice PondENGHO'!BS88-1 -> 0.076661169 | ... CE91: =+'Indice PondENGHO'!CD89/'Indice PondENGHO'!CD88-1 -> 0.0986177 | CS91: =+D91-AZ91 -> -0.0060443924 | CT91: =+E91-BA91 -> -0.00024722315 | CU91: =+F91-BB91 -> -0.0041546672 | CV91: =+G91-BC91 -> -0.0094153223 | CW91: =+H91-BD91 -> -0.00012057841 | CX91: =+I91-BE91 -> -0.0037808196 | CY91: =+J91-BF91 -> 0.011148731 | CZ91: =+K91-BG91 -> -0.0031604366 | ... DD91: =+O91-BK91 -> -0.00055389369
A92: =+DATE(C92,B92,1) -> 45383 | B92: =+IF(B91=12,1,B91+1) -> 4 | C92: =+IF(B92=1,C91+1,C91) -> 2024 | D92: =+'Indice PondENGHO'!D90/'Indice PondENGHO'!D89-1 -> 0.065034953 | E92: =+'Indice PondENGHO'!E90/'Indice PondENGHO'!E89-1 -> 0.065707179 | F92: =+'Indice PondENGHO'!F90/'Indice PondENGHO'!F89-1 -> 0.066637072 | G92: =+'Indice PondENGHO'!G90/'Indice PondENGHO'!G89-1 -> 0.3270688 | H92: =+'Indice PondENGHO'!H90/'Indice PondENGHO'!H89-1 -> 0.064324564 | I92: =+'Indice PondENGHO'!I90/'Indice PondENGHO'!I89-1 -> 0.089798168 | J92: =+'Indice PondENGHO'!J90/'Indice PondENGHO'!J89-1 -> 0.062221057 | K92: =+'Indice PondENGHO'!K90/'Indice PondENGHO'!K89-1 -> 0.14087379 | ... BK92: =+'Indice PondENGHO'!BK90/'Indice PondENGHO'!BK89-1 -> 0.061726371 | BL92: =+A92 -> 45383 | BM92: =+'Indice PondENGHO'!BL90/'Indice PondENGHO'!BL89-1 -> 0.084039943 | BN92: =+'Indice PondENGHO'!BM90/'Indice PondENGHO'!BM89-1 -> 0.086793384 | BO92: =+'Indice PondENGHO'!BN90/'Indice PondENGHO'!BN89-1 -> 0.088178319 | BP92: =+'Indice PondENGHO'!BO90/'Indice PondENGHO'!BO89-1 -> 0.087964458 | BQ92: =+'Indice PondENGHO'!BP90/'Indice PondENGHO'!BP89-1 -> 0.090313381 | BR92: =+'Indice PondENGHO'!BQ90/'Indice PondENGHO'!BQ89-1 -> 0.065864263 | BS92: =+'Indice PondENGHO'!BR90/'Indice PondENGHO'!BR89-1 -> 0.065724685 | BT92: =+'Indice PondENGHO'!BS90/'Indice PondENGHO'!BS89-1 -> 0.066928626 | ... CE92: =+'Indice PondENGHO'!CD90/'Indice PondENGHO'!CD89-1 -> 0.088086496 | CS92: =+D92-AZ92 -> -0.0016359722 | CT92: =+E92-BA92 -> -6.4167422e-05 | CU92: =+F92-BB92 -> -9.9689568e-05 | CV92: =+G92-BC92 -> -0.045754869 | CW92: =+H92-BD92 -> -0.0015374311 | CX92: =+I92-BE92 -> -0.0030284861 | CY92: =+J92-BF92 -> 0.0011435788 | CZ92: =+K92-BG92 -> 0.0014832716 | ... DD92: =+O92-BK92 -> -0.001454429
A93: =+DATE(C93,B93,1) -> 45413 | B93: =+IF(B92=12,1,B92+1) -> 5 | C93: =+IF(B93=1,C92+1,C92) -> 2024 | D93: =+'Indice PondENGHO'!D91/'Indice PondENGHO'!D90-1 -> 0.056778184 | E93: =+'Indice PondENGHO'!E91/'Indice PondENGHO'!E90-1 -> 0.071890031 | F93: =+'Indice PondENGHO'!F91/'Indice PondENGHO'!F90-1 -> 0.045130404 | G93: =+'Indice PondENGHO'!G91/'Indice PondENGHO'!G90-1 -> 0.026519619 | H93: =+'Indice PondENGHO'!H91/'Indice PondENGHO'!H90-1 -> 0.035734654 | I93: =+'Indice PondENGHO'!I91/'Indice PondENGHO'!I90-1 -> 0.0086616493 | J93: =+'Indice PondENGHO'!J91/'Indice PondENGHO'!J90-1 -> 0.044763939 | K93: =+'Indice PondENGHO'!K91/'Indice PondENGHO'!K90-1 -> 0.083114212 | ... BK93: =+'Indice PondENGHO'!BK91/'Indice PondENGHO'!BK90-1 -> 0.050981112 | BL93: =+A93 -> 45413 | BM93: =+'Indice PondENGHO'!BL91/'Indice PondENGHO'!BL90-1 -> 0.04875764 | BN93: =+'Indice PondENGHO'!BM91/'Indice PondENGHO'!BM90-1 -> 0.048286373 | BO93: =+'Indice PondENGHO'!BN91/'Indice PondENGHO'!BN90-1 -> 0.047415932 | BP93: =+'Indice PondENGHO'!BO91/'Indice PondENGHO'!BO90-1 -> 0.046297224 | BQ93: =+'Indice PondENGHO'!BP91/'Indice PondENGHO'!BP90-1 -> 0.044971238 | BR93: =+'Indice PondENGHO'!BQ91/'Indice PondENGHO'!BQ90-1 -> 0.058214016 | BS93: =+'Indice PondENGHO'!BR91/'Indice PondENGHO'!BR90-1 -> 0.074114015 | BT93: =+'Indice PondENGHO'!BS91/'Indice PondENGHO'!BS90-1 -> 0.044355866 | ... CE93: =+'Indice PondENGHO'!CD91/'Indice PondENGHO'!CD90-1 -> 0.046682859 | CS93: =+D93-AZ93 -> -0.002635185 | CT93: =+E93-BA93 -> -0.0036945778 | CU93: =+F93-BB93 -> 0.0016621805 | CV93: =+G93-BC93 -> 0.0021667435 | CW93: =+H93-BD93 -> 0.00049706905 | CX93: =+I93-BE93 -> 0.0033733316 | CY93: =+J93-BF93 -> 0.0046768513 | CZ93: =+K93-BG93 -> -0.0027478983 | ... DD93: =+O93-BK93 -> -0.0037394037
A94: =+DATE(C94,B94,1) -> 45444 | B94: =+IF(B93=12,1,B93+1) -> 6 | C94: =+IF(B94=1,C93+1,C93) -> 2024 | D94: =+'Indice PondENGHO'!D92/'Indice PondENGHO'!D91-1 -> 0.043916143 | E94: =+'Indice PondENGHO'!E92/'Indice PondENGHO'!E91-1 -> 0.026638577 | F94: =+'Indice PondENGHO'!F92/'Indice PondENGHO'!F91-1 -> 0.044428234 | G94: =+'Indice PondENGHO'!G92/'Indice PondENGHO'!G91-1 -> 0.15544724 | H94: =+'Indice PondENGHO'!H92/'Indice PondENGHO'!H91-1 -> 0.025808529 | I94: =+'Indice PondENGHO'!I92/'Indice PondENGHO'!I91-1 -> 0.047422558 | J94: =+'Indice PondENGHO'!J92/'Indice PondENGHO'!J91-1 -> 0.039777429 | K94: =+'Indice PondENGHO'!K92/'Indice PondENGHO'!K91-1 -> 0.057121191 | ... BK94: =+'Indice PondENGHO'!BK92/'Indice PondENGHO'!BK91-1 -> 0.040589272 | BL94: =+A94 -> 45444 | BM94: =+'Indice PondENGHO'!BL92/'Indice PondENGHO'!BL91-1 -> 0.051966738 | BN94: =+'Indice PondENGHO'!BM92/'Indice PondENGHO'!BM91-1 -> 0.052218886 | BO94: =+'Indice PondENGHO'!BN92/'Indice PondENGHO'!BN91-1 -> 0.052383371 | BP94: =+'Indice PondENGHO'!BO92/'Indice PondENGHO'!BO91-1 -> 0.052126426 | BQ94: =+'Indice PondENGHO'!BP92/'Indice PondENGHO'!BP91-1 -> 0.05240532 | BR94: =+'Indice PondENGHO'!BQ92/'Indice PondENGHO'!BQ91-1 -> 0.043759946 | BS94: =+'Indice PondENGHO'!BR92/'Indice PondENGHO'!BR91-1 -> 0.026930638 | BT94: =+'Indice PondENGHO'!BS92/'Indice PondENGHO'!BS91-1 -> 0.043762503 | ... CE94: =+'Indice PondENGHO'!CD92/'Indice PondENGHO'!CD91-1 -> 0.052256047 | CS94: =+D94-AZ94 -> 0.00063850868 | CT94: =+E94-BA94 -> -0.00056413716 | CU94: =+F94-BB94 -> 0.0014024431 | CV94: =+G94-BC94 -> 0.019111723 | CW94: =+H94-BD94 -> 0.0011745955 | CX94: =+I94-BE94 -> -0.00028452534 | CY94: =+J94-BF94 -> -0.00030558105 | CZ94: =+K94-BG94 -> 0.0021341383 | ... DD94: =+O94-BK94 -> -0.0045816798
A95: =+DATE(C95,B95,1) -> 45474 | B95: =+IF(B94=12,1,B94+1) -> 7 | C95: =+IF(B95=1,C94+1,C94) -> 2024 | D95: =+'Indice PondENGHO'!D93/'Indice PondENGHO'!D92-1 -> 0.037205828 | E95: =+'Indice PondENGHO'!E93/'Indice PondENGHO'!E92-1 -> 0.066956651 | F95: =+'Indice PondENGHO'!F93/'Indice PondENGHO'!F92-1 -> 0.041368063 | G95: =+'Indice PondENGHO'!G93/'Indice PondENGHO'!G92-1 -> 0.073335613 | H95: =+'Indice PondENGHO'!H93/'Indice PondENGHO'!H92-1 -> 0.032686733 | I95: =+'Indice PondENGHO'!I93/'Indice PondENGHO'!I92-1 -> 0.057585102 | J95: =+'Indice PondENGHO'!J93/'Indice PondENGHO'!J92-1 -> 0.028412581 | K95: =+'Indice PondENGHO'!K93/'Indice PondENGHO'!K92-1 -> 0.046019899 | ... BK95: =+'Indice PondENGHO'!BK93/'Indice PondENGHO'!BK92-1 -> 0.037492343 | BL95: =+A95 -> 45474 | BM95: =+'Indice PondENGHO'!BL93/'Indice PondENGHO'!BL92-1 -> 0.044529794 | BN95: =+'Indice PondENGHO'!BM93/'Indice PondENGHO'!BM92-1 -> 0.045049109 | BO95: =+'Indice PondENGHO'!BN93/'Indice PondENGHO'!BN92-1 -> 0.04549057 | BP95: =+'Indice PondENGHO'!BO93/'Indice PondENGHO'!BO92-1 -> 0.045655785 | BQ95: =+'Indice PondENGHO'!BP93/'Indice PondENGHO'!BP92-1 -> 0.046355518 | BR95: =+'Indice PondENGHO'!BQ93/'Indice PondENGHO'!BQ92-1 -> 0.039440048 | BS95: =+'Indice PondENGHO'!BR93/'Indice PondENGHO'!BR92-1 -> 0.06704053 | BT95: =+'Indice PondENGHO'!BS93/'Indice PondENGHO'!BS92-1 -> 0.040578964 | ... CE95: =+'Indice PondENGHO'!CD93/'Indice PondENGHO'!CD92-1 -> 0.045617165 | CS95: =+D95-AZ95 -> -0.0040329528 | CT95: =+E95-BA95 -> -7.3984481e-05 | CU95: =+F95-BB95 -> 0.0012838551 | CV95: =+G95-BC95 -> 0.018174964 | CW95: =+H95-BD95 -> 0.00019979533 | CX95: =+I95-BE95 -> -0.0014276362 | CY95: =+J95-BF95 -> 0.0028534748 | CZ95: =+K95-BG95 -> -0.0013858351 | ... DD95: =+O95-BK95 -> 0.00085431002
A96: =+DATE(C96,B96,1) -> 45505 | B96: =+IF(B95=12,1,B95+1) -> 8 | C96: =+IF(B96=1,C95+1,C95) -> 2024 | D96: =+'Indice PondENGHO'!D94/'Indice PondENGHO'!D93-1 -> 0.03877296 | E96: =+'Indice PondENGHO'!E94/'Indice PondENGHO'!E93-1 -> 0.035350486 | F96: =+'Indice PondENGHO'!F94/'Indice PondENGHO'!F93-1 -> 0.031165594 | G96: =+'Indice PondENGHO'!G94/'Indice PondENGHO'!G93-1 -> 0.076454796 | H96: =+'Indice PondENGHO'!H94/'Indice PondENGHO'!H93-1 -> 0.040184007 | I96: =+'Indice PondENGHO'!I94/'Indice PondENGHO'!I93-1 -> 0.040846584 | J96: =+'Indice PondENGHO'!J94/'Indice PondENGHO'!J93-1 -> 0.045341031 | K96: =+'Indice PondENGHO'!K94/'Indice PondENGHO'!K93-1 -> 0.0662411 | ... BK96: =+'Indice PondENGHO'!BK94/'Indice PondENGHO'!BK93-1 -> 0.021855811 | BL96: =+A96 -> 45505 | BM96: =+'Indice PondENGHO'!BL94/'Indice PondENGHO'!BL93-1 -> 0.042447576 | BN96: =+'Indice PondENGHO'!BM94/'Indice PondENGHO'!BM93-1 -> 0.042638892 | BO96: =+'Indice PondENGHO'!BN94/'Indice PondENGHO'!BN93-1 -> 0.042286951 | BP96: =+'Indice PondENGHO'!BO94/'Indice PondENGHO'!BO93-1 -> 0.042784135 | BQ96: =+'Indice PondENGHO'!BP94/'Indice PondENGHO'!BP93-1 -> 0.043136169 | BR96: =+'Indice PondENGHO'!BQ94/'Indice PondENGHO'!BQ93-1 -> 0.036755644 | BS96: =+'Indice PondENGHO'!BR94/'Indice PondENGHO'!BR93-1 -> 0.035706925 | BT96: =+'Indice PondENGHO'!BS94/'Indice PondENGHO'!BS93-1 -> 0.030586135 | ... CE96: =+'Indice PondENGHO'!CD94/'Indice PondENGHO'!CD93-1 -> 0.042744542 | CS96: =+D96-AZ96 -> 0.0037479151 | CT96: =+E96-BA96 -> -0.00071801369 | CU96: =+F96-BB96 -> 0.00086230199 | CV96: =+G96-BC96 -> 0.0087046024 | CW96: =+H96-BD96 -> -0.0012800318 | CX96: =+I96-BE96 -> -0.0011764927 | CY96: =+J96-BF96 -> -0.0063844945 | CZ96: =+K96-BG96 -> 0.0013036941 | ... DD96: =+O96-BK96 -> -0.0028009627
A97: =+DATE(C97,B97,1) -> 45536 | B97: =+IF(B96=12,1,B96+1) -> 9 | C97: =+IF(B97=1,C96+1,C96) -> 2024 | D97: =+'Indice PondENGHO'!D95/'Indice PondENGHO'!D94-1 -> 0.018440401 | E97: =+'Indice PondENGHO'!E95/'Indice PondENGHO'!E94-1 -> 0.014783852 | F97: =+'Indice PondENGHO'!F95/'Indice PondENGHO'!F94-1 -> 0.026969723 | G97: =+'Indice PondENGHO'!G95/'Indice PondENGHO'!G94-1 -> 0.075924088 | H97: =+'Indice PondENGHO'!H95/'Indice PondENGHO'!H94-1 -> 0.021791242 | I97: =+'Indice PondENGHO'!I95/'Indice PondENGHO'!I94-1 -> 0.033325522 | J97: =+'Indice PondENGHO'!J95/'Indice PondENGHO'!J94-1 -> 0.031412195 | K97: =+'Indice PondENGHO'!K95/'Indice PondENGHO'!K94-1 -> 0.038463791 | ... BK97: =+'Indice PondENGHO'!BK95/'Indice PondENGHO'!BK94-1 -> 0.031496128 | BL97: =+A97 -> 45536 | BM97: =+'Indice PondENGHO'!BL95/'Indice PondENGHO'!BL94-1 -> 0.028305418 | BN97: =+'Indice PondENGHO'!BM95/'Indice PondENGHO'!BM94-1 -> 0.029564519 | BO97: =+'Indice PondENGHO'!BN95/'Indice PondENGHO'!BN94-1 -> 0.030048318 | BP97: =+'Indice PondENGHO'!BO95/'Indice PondENGHO'!BO94-1 -> 0.030861032 | BQ97: =+'Indice PondENGHO'!BP95/'Indice PondENGHO'!BP94-1 -> 0.031876595 | BR97: =+'Indice PondENGHO'!BQ95/'Indice PondENGHO'!BQ94-1 -> 0.01892959 | BS97: =+'Indice PondENGHO'!BR95/'Indice PondENGHO'!BR94-1 -> 0.015565201 | BT97: =+'Indice PondENGHO'!BS95/'Indice PondENGHO'!BS94-1 -> 0.026708489 | ... CE97: =+'Indice PondENGHO'!CD95/'Indice PondENGHO'!CD94-1 -> 0.030525606 | CS97: =+D97-AZ97 -> -0.00084528669 | CT97: =+E97-BA97 -> -0.0012578162 | CU97: =+F97-BB97 -> 0.00057252697 | CV97: =+G97-BC97 -> 0.0049015193 | CW97: =+H97-BD97 -> -0.00011848483 | CX97: =+I97-BE97 -> 0.00019656644 | CY97: =+J97-BF97 -> -0.0038393727 | CZ97: =+K97-BG97 -> -0.0016744013 | ... DD97: =+O97-BK97 -> -0.00061720041
A98: =+DATE(C98,B98,1) -> 45566 | B98: =+IF(B97=12,1,B97+1) -> 10 | C98: =+IF(B98=1,C97+1,C97) -> 2024 | D98: =+'Indice PondENGHO'!D96/'Indice PondENGHO'!D95-1 -> 0.0086395702 | E98: =+'Indice PondENGHO'!E96/'Indice PondENGHO'!E95-1 -> 0.029053837 | F98: =+'Indice PondENGHO'!F96/'Indice PondENGHO'!F95-1 -> 0.034318199 | G98: =+'Indice PondENGHO'!G96/'Indice PondENGHO'!G95-1 -> 0.05641681 | H98: =+'Indice PondENGHO'!H96/'Indice PondENGHO'!H95-1 -> 0.023721142 | I98: =+'Indice PondENGHO'!I96/'Indice PondENGHO'!I95-1 -> 0.03354662 | J98: =+'Indice PondENGHO'!J96/'Indice PondENGHO'!J95-1 -> 0.012071229 | K98: =+'Indice PondENGHO'!K96/'Indice PondENGHO'!K95-1 -> 0.026762432 | ... BK98: =+'Indice PondENGHO'!BK96/'Indice PondENGHO'!BK95-1 -> 0.023407379 | BL98: =+A98 -> 45566 | BM98: =+'Indice PondENGHO'!BL96/'Indice PondENGHO'!BL95-1 -> 0.022609997 | BN98: =+'Indice PondENGHO'!BM96/'Indice PondENGHO'!BM95-1 -> 0.023981907 | BO98: =+'Indice PondENGHO'!BN96/'Indice PondENGHO'!BN95-1 -> 0.024670583 | BP98: =+'Indice PondENGHO'!BO96/'Indice PondENGHO'!BO95-1 -> 0.025681127 | BQ98: =+'Indice PondENGHO'!BP96/'Indice PondENGHO'!BP95-1 -> 0.027507332 | BR98: =+'Indice PondENGHO'!BQ96/'Indice PondENGHO'!BQ95-1 -> 0.0088362214 | BS98: =+'Indice PondENGHO'!BR96/'Indice PondENGHO'!BR95-1 -> 0.029985558 | BT98: =+'Indice PondENGHO'!BS96/'Indice PondENGHO'!BS95-1 -> 0.034465695 | ... CE98: =+'Indice PondENGHO'!CD96/'Indice PondENGHO'!CD95-1 -> 0.025446251 | CS98: =+D98-AZ98 -> -0.00041710563 | CT98: =+E98-BA98 -> -0.0016781428 | CU98: =+F98-BB98 -> -0.00039426405 | CV98: =+G98-BC98 -> 0.002690102 | CW98: =+H98-BD98 -> 0.00054163288 | CX98: =+I98-BE98 -> -0.0032781053 | CY98: =+J98-BF98 -> -5.8525509e-05 | CZ98: =+K98-BG98 -> -0.0012089122 | ... DD98: =+O98-BK98 -> -0.0017580719
A99: =+DATE(C99,B99,1) -> 45597 | B99: =+IF(B98=12,1,B98+1) -> 11 | C99: =+IF(B99=1,C98+1,C98) -> 2024 | D99: =+'Indice PondENGHO'!D97/'Indice PondENGHO'!D96-1 -> 0.01362822 | E99: =+'Indice PondENGHO'!E97/'Indice PondENGHO'!E96-1 -> 0.035025885 | F99: =+'Indice PondENGHO'!F97/'Indice PondENGHO'!F96-1 -> 0.02199562 | G99: =+'Indice PondENGHO'!G97/'Indice PondENGHO'!G96-1 -> 0.041370964 | H99: =+'Indice PondENGHO'!H97/'Indice PondENGHO'!H96-1 -> 0.01649247 | I99: =+'Indice PondENGHO'!I97/'Indice PondENGHO'!I96-1 -> 0.027813235 | J99: =+'Indice PondENGHO'!J97/'Indice PondENGHO'!J96-1 -> 0.030078652 | K99: =+'Indice PondENGHO'!K97/'Indice PondENGHO'!K96-1 -> 0.019714915 | ... BK99: =+'Indice PondENGHO'!BK97/'Indice PondENGHO'!BK96-1 -> 0.019796352 | BL99: =+A99 -> 45597 | BM99: =+'Indice PondENGHO'!BL97/'Indice PondENGHO'!BL96-1 -> 0.023149902 | BN99: =+'Indice PondENGHO'!BM97/'Indice PondENGHO'!BM96-1 -> 0.025079099 | BO99: =+'Indice PondENGHO'!BN97/'Indice PondENGHO'!BN96-1 -> 0.025741151 | BP99: =+'Indice PondENGHO'!BO97/'Indice PondENGHO'!BO96-1 -> 0.027066986 | BQ99: =+'Indice PondENGHO'!BP97/'Indice PondENGHO'!BP96-1 -> 0.028471276 | BR99: =+'Indice PondENGHO'!BQ97/'Indice PondENGHO'!BQ96-1 -> 0.015207958 | BS99: =+'Indice PondENGHO'!BR97/'Indice PondENGHO'!BR96-1 -> 0.035028398 | BT99: =+'Indice PondENGHO'!BS97/'Indice PondENGHO'!BS96-1 -> 0.022313419 | ... CE99: =+'Indice PondENGHO'!CD97/'Indice PondENGHO'!CD96-1 -> 0.02649452 | CS99: =+D99-AZ99 -> -0.0029329667 | CT99: =+E99-BA99 -> -0.0001986874 | CU99: =+F99-BB99 -> -0.00093375935 | CV99: =+G99-BC99 -> -0.006745455 | CW99: =+H99-BD99 -> 0.0002718277 | CX99: =+I99-BE99 -> -0.0021764927 | CY99: =+J99-BF99 -> -0.0046099185 | CZ99: =+K99-BG99 -> 0.00058917266 | ... DD99: =+O99-BK99 -> -0.00095222678
A100: =+DATE(C100,B100,1) -> 45627 | B100: =+IF(B99=12,1,B99+1) -> 12 | C100: =+IF(B100=1,C99+1,C99) -> 2024 | D100: =+'Indice PondENGHO'!D98/'Indice PondENGHO'!D97-1 -> 0.023997738 | E100: =+'Indice PondENGHO'!E98/'Indice PondENGHO'!E97-1 -> 0.017744008 | F100: =+'Indice PondENGHO'!F98/'Indice PondENGHO'!F97-1 -> 0.018022332 | G100: =+'Indice PondENGHO'!G98/'Indice PondENGHO'!G97-1 -> 0.049361513 | H100: =+'Indice PondENGHO'!H98/'Indice PondENGHO'!H97-1 -> 0.0094395807 | I100: =+'Indice PondENGHO'!I98/'Indice PondENGHO'!I97-1 -> 0.019810929 | J100: =+'Indice PondENGHO'!J98/'Indice PondENGHO'!J97-1 -> 0.025217505 | K100: =+'Indice PondENGHO'!K98/'Indice PondENGHO'!K97-1 -> 0.042623826 | ... BK100: =+'Indice PondENGHO'!BK98/'Indice PondENGHO'!BK97-1 -> 0.016888541 | BL100: =+A100 -> 45627 | BM100: =+'Indice PondENGHO'!BL98/'Indice PondENGHO'!BL97-1 -> 0.026525323 | BN100: =+'Indice PondENGHO'!BM98/'Indice PondENGHO'!BM97-1 -> 0.027029409 | BO100: =+'Indice PondENGHO'!BN98/'Indice PondENGHO'!BN97-1 -> 0.027193151 | BP100: =+'Indice PondENGHO'!BO98/'Indice PondENGHO'!BO97-1 -> 0.027374688 | BQ100: =+'Indice PondENGHO'!BP98/'Indice PondENGHO'!BP97-1 -> 0.027937807 | BR100: =+'Indice PondENGHO'!BQ98/'Indice PondENGHO'!BQ97-1 -> 0.023767893 | BS100: =+'Indice PondENGHO'!BR98/'Indice PondENGHO'!BR97-1 -> 0.018623963 | BT100: =+'Indice PondENGHO'!BS98/'Indice PondENGHO'!BS97-1 -> 0.017864159 | ... CE100: =+'Indice PondENGHO'!CD98/'Indice PondENGHO'!CD97-1 -> 0.027366697 | CS100: =+D100-AZ100 -> 0.00051883235 | CT100: =+E100-BA100 -> -0.0016538435 | CU100: =+F100-BB100 -> -0.00012909669 | CV100: =+G100-BC100 -> -0.0047370258 | CW100: =+H100-BD100 -> 0.001154207 | CX100: =+I100-BE100 -> -0.0022501912 | CY100: =+J100-BF100 -> 0.0046819718 | CZ100: =+K100-BG100 -> -0.00071997503 | ... DD100: =+O100-BK100 -> 0.0001751194
A101: =+DATE(C101,B101,1) -> 45658 | B101: =+IF(B100=12,1,B100+1) -> 1 | C101: =+IF(B101=1,C100+1,C100) -> 2025 | D101: =+'Indice PondENGHO'!D99/'Indice PondENGHO'!D98-1 -> 0.012770965 | E101: =+'Indice PondENGHO'!E99/'Indice PondENGHO'!E98-1 -> 0.014875109 | F101: =+'Indice PondENGHO'!F99/'Indice PondENGHO'!F98-1 -> 0.017214379 | G101: =+'Indice PondENGHO'!G99/'Indice PondENGHO'!G98-1 -> 0.043739677 | H101: =+'Indice PondENGHO'!H99/'Indice PondENGHO'!H98-1 -> 0.015983816 | I101: =+'Indice PondENGHO'!I99/'Indice PondENGHO'!I98-1 -> 0.023590484 | J101: =+'Indice PondENGHO'!J99/'Indice PondENGHO'!J98-1 -> 0.014895946 | K101: =+'Indice PondENGHO'!K99/'Indice PondENGHO'!K98-1 -> 0.00029818325 | ... BK101: =+'Indice PondENGHO'!BK99/'Indice PondENGHO'!BK98-1 -> 0.021231921 | BL101: =+A101 -> 45658 | BM101: =+'Indice PondENGHO'!BL99/'Indice PondENGHO'!BL98-1 -> 0.020391535 | BN101: =+'Indice PondENGHO'!BM99/'Indice PondENGHO'!BM98-1 -> 0.020906249 | BO101: =+'Indice PondENGHO'!BN99/'Indice PondENGHO'!BN98-1 -> 0.021371118 | BP101: =+'Indice PondENGHO'!BO99/'Indice PondENGHO'!BO98-1 -> 0.021929214 | BQ101: =+'Indice PondENGHO'!BP99/'Indice PondENGHO'!BP98-1 -> 0.023135758 | BR101: =+'Indice PondENGHO'!BQ99/'Indice PondENGHO'!BQ98-1 -> 0.012130651 | BS101: =+'Indice PondENGHO'!BR99/'Indice PondENGHO'!BR98-1 -> 0.014762318 | BT101: =+'Indice PondENGHO'!BS99/'Indice PondENGHO'!BS98-1 -> 0.016625967 | ... CE101: =+'Indice PondENGHO'!CD99/'Indice PondENGHO'!CD98-1 -> 0.021873077 | CS101: =+D101-AZ101 -> 0.0010737155 | CT101: =+E101-BA101 -> 0.00010145883 | CU101: =+F101-BB101 -> 0.00090182374 | CV101: =+G101-BC101 -> 0.0062048368 | CW101: =+H101-BD101 -> 0.00052364451 | CX101: =+I101-BE101 -> -0.00068609896 | CY101: =+J101-BF101 -> 0.0032969216 | CZ101: =+K101-BG101 -> -0.0025925317 | ... DD101: =+O101-BK101 -> -0.0019402051
A102: =+DATE(C102,B102,1) -> 45689 | B102: =+IF(B101=12,1,B101+1) -> 2 | C102: =+IF(B102=1,C101+1,C101) -> 2025 | D102: =+'Indice PondENGHO'!D100/'Indice PondENGHO'!D99-1 -> 0.020431822 | E102: =+'Indice PondENGHO'!E100/'Indice PondENGHO'!E99-1 -> 0.012750116 | F102: =+'Indice PondENGHO'!F100/'Indice PondENGHO'!F99-1 -> 0.016882959 | G102: =+'Indice PondENGHO'!G100/'Indice PondENGHO'!G99-1 -> 0.037196824 | H102: =+'Indice PondENGHO'!H100/'Indice PondENGHO'!H99-1 -> 0.011352063 | I102: =+'Indice PondENGHO'!I100/'Indice PondENGHO'!I99-1 -> 0.020656591 | J102: =+'Indice PondENGHO'!J100/'Indice PondENGHO'!J99-1 -> 0.01782967 | K102: =+'Indice PondENGHO'!K100/'Indice PondENGHO'!K99-1 -> 0.0051574169 | ... BK102: =+'Indice PondENGHO'!BK100/'Indice PondENGHO'!BK99-1 -> 0.028351815 | BL102: =+A102 -> 45689 | BM102: =+'Indice PondENGHO'!BL100/'Indice PondENGHO'!BL99-1 -> 0.021379513 | BN102: =+'Indice PondENGHO'!BM100/'Indice PondENGHO'!BM99-1 -> 0.02150119 | BO102: =+'Indice PondENGHO'!BN100/'Indice PondENGHO'!BN99-1 -> 0.021703246 | BP102: =+'Indice PondENGHO'!BO100/'Indice PondENGHO'!BO99-1 -> 0.021733544 | BQ102: =+'Indice PondENGHO'!BP100/'Indice PondENGHO'!BP99-1 -> 0.021905575 | BR102: =+'Indice PondENGHO'!BQ100/'Indice PondENGHO'!BQ99-1 -> 0.020009271 | BS102: =+'Indice PondENGHO'!BR100/'Indice PondENGHO'!BR99-1 -> 0.013379725 | BT102: =+'Indice PondENGHO'!BS100/'Indice PondENGHO'!BS99-1 -> 0.017741056 | ... CE102: =+'Indice PondENGHO'!CD100/'Indice PondENGHO'!CD99-1 -> 0.021704613 | CS102: =+D102-AZ102 -> 0.00075220484 | CT102: =+E102-BA102 -> -0.00081710563 | CU102: =+F102-BB102 -> -0.0012920897 | CV102: =+G102-BC102 -> -0.0021207926 | CW102: =+H102-BD102 -> -0.0012443194 | CX102: =+I102-BE102 -> 0.00031377801 | CY102: =+J102-BF102 -> 0.0010592332 | CZ102: =+K102-BG102 -> 0.00042594498 | ... DD102: =+O102-BK102 -> -0.00095858196
... A108: =+DATE(C108,B108,1) -> 45870 | B108: =+IF(B107=12,1,B107+1) -> 8 | C108: =+IF(B108=1,C107+1,C107) -> 2025 | D108: =+'Indice PondENGHO'!D106/'Indice PondENGHO'!D105-1 -> 0.01231838 | E108: =+'Indice PondENGHO'!E106/'Indice PondENGHO'!E105-1 -> 0.038731021 | F108: =+'Indice PondENGHO'!F106/'Indice PondENGHO'!F105-1 -> 0.0071251615 | G108: =+'Indice PondENGHO'!G106/'Indice PondENGHO'!G105-1 -> 0.027930405 | H108: =+'Indice PondENGHO'!H106/'Indice PondENGHO'!H105-1 -> 0.0072045506 | I108: =+'Indice PondENGHO'!I106/'Indice PondENGHO'!I105-1 -> 0.017259015 | J108: =+'Indice PondENGHO'!J106/'Indice PondENGHO'!J105-1 -> 0.033872662 | K108: =+'Indice PondENGHO'!K106/'Indice PondENGHO'!K105-1 -> 0.034314387 | ... BK108: =+'Indice PondENGHO'!BK106/'Indice PondENGHO'!BK105-1 -> 0.021686499 | BL108: =+A108 -> 45870 | BM108: =+'Indice PondENGHO'!BL106/'Indice PondENGHO'!BL105-1 -> 0.018208335 | BN108: =+'Indice PondENGHO'!BM106/'Indice PondENGHO'!BM105-1 -> 0.019600838 | BO108: =+'Indice PondENGHO'!BN106/'Indice PondENGHO'!BN105-1 -> 0.019767894 | BP108: =+'Indice PondENGHO'!BO106/'Indice PondENGHO'!BO105-1 -> 0.020421324 | BQ108: =+'Indice PondENGHO'!BP106/'Indice PondENGHO'!BP105-1 -> 0.020660801 | BR108: =+'Indice PondENGHO'!BQ106/'Indice PondENGHO'!BQ105-1 -> 0.013125672 | BS108: =+'Indice PondENGHO'!BR106/'Indice PondENGHO'!BR105-1 -> 0.040262765 | BT108: =+'Indice PondENGHO'!BS106/'Indice PondENGHO'!BS105-1 -> 0.0082775108 | ... CE108: =+'Indice PondENGHO'!CD106/'Indice PondENGHO'!CD105-1 -> 0.019985895 | CS108: =+D108-AZ108 -> -0.0014669018 | CT108: =+E108-BA108 -> -0.0023083713 | CU108: =+F108-BB108 -> -0.0018207959 | CV108: =+G108-BC108 -> 0.0018782346 | CW108: =+H108-BD108 -> -0.00091544615 | CX108: =+I108-BE108 -> 0.00019074479 | CY108: =+J108-BF108 -> -0.0023730334 | CZ108: =+K108-BG108 -> -0.00082156071 | ... DD108: =+O108-BK108 -> -0.00047463073
A109: =+DATE(C109,B109,1) -> 45901 | B109: =+IF(B108=12,1,B108+1) -> 9 | C109: =+IF(B109=1,C108+1,C108) -> 2025 | D109: =+'Indice PondENGHO'!D107/'Indice PondENGHO'!D106-1 -> 0.014153231 | E109: =+'Indice PondENGHO'!E107/'Indice PondENGHO'!E106-1 -> 0.0091689644 | F109: =+'Indice PondENGHO'!F107/'Indice PondENGHO'!F106-1 -> -0.0065395678 | G109: =+'Indice PondENGHO'!G107/'Indice PondENGHO'!G106-1 -> 0.030508091 | H109: =+'Indice PondENGHO'!H107/'Indice PondENGHO'!H106-1 -> 0.016692017 | I109: =+'Indice PondENGHO'!I107/'Indice PondENGHO'!I106-1 -> 0.02306845 | J109: =+'Indice PondENGHO'!J107/'Indice PondENGHO'!J106-1 -> 0.02961314 | K109: =+'Indice PondENGHO'!K107/'Indice PondENGHO'!K106-1 -> 0.034199601 | ... BK109: =+'Indice PondENGHO'!BK107/'Indice PondENGHO'!BK106-1 -> 0.020654989 | BL109: =+A109 -> 45901 | BM109: =+'Indice PondENGHO'!BL107/'Indice PondENGHO'!BL106-1 -> 0.016215114 | BN109: =+'Indice PondENGHO'!BM107/'Indice PondENGHO'!BM106-1 -> 0.017056704 | BO109: =+'Indice PondENGHO'!BN107/'Indice PondENGHO'!BN106-1 -> 0.017379885 | BP109: =+'Indice PondENGHO'!BO107/'Indice PondENGHO'!BO106-1 -> 0.017779626 | BQ109: =+'Indice PondENGHO'!BP107/'Indice PondENGHO'!BP106-1 -> 0.01806181 | BR109: =+'Indice PondENGHO'!BQ107/'Indice PondENGHO'!BQ106-1 -> 0.014498683 | BS109: =+'Indice PondENGHO'!BR107/'Indice PondENGHO'!BR106-1 -> 0.0094939349 | BT109: =+'Indice PondENGHO'!BS107/'Indice PondENGHO'!BS106-1 -> -0.0090369939 | ... CE109: =+'Indice PondENGHO'!CD107/'Indice PondENGHO'!CD106-1 -> 0.017497536
A110: =+DATE(C110,B110,1) -> 45931 | B110: =+IF(B109=12,1,B109+1) -> 10 | C110: =+IF(B110=1,C109+1,C109) -> 2025 | D110: =+'Indice PondENGHO'!D108/'Indice PondENGHO'!D107-1 -> 0.020365925 | E110: =+'Indice PondENGHO'!E108/'Indice PondENGHO'!E107-1 -> 0.024974378 | F110: =+'Indice PondENGHO'!F108/'Indice PondENGHO'!F107-1 -> 0.012082475 | G110: =+'Indice PondENGHO'!G108/'Indice PondENGHO'!G107-1 -> 0.028092437 | H110: =+'Indice PondENGHO'!H108/'Indice PondENGHO'!H107-1 -> 0.012154591 | I110: =+'Indice PondENGHO'!I108/'Indice PondENGHO'!I107-1 -> 0.018449921 | J110: =+'Indice PondENGHO'!J108/'Indice PondENGHO'!J107-1 -> 0.032902233 | K110: =+'Indice PondENGHO'!K108/'Indice PondENGHO'!K107-1 -> 0.029591005 | ... BK110: =+'Indice PondENGHO'!BK108/'Indice PondENGHO'!BK107-1 -> 0.018531552 | BL110: =+A110 -> 45931 | BM110: =+'Indice PondENGHO'!BL108/'Indice PondENGHO'!BL107-1 -> 0.021346845 | BN110: =+'Indice PondENGHO'!BM108/'Indice PondENGHO'!BM107-1 -> 0.021886358 | BO110: =+'Indice PondENGHO'!BN108/'Indice PondENGHO'!BN107-1 -> 0.021932971 | BP110: =+'Indice PondENGHO'!BO108/'Indice PondENGHO'!BO107-1 -> 0.022183781 | BQ110: =+'Indice PondENGHO'!BP108/'Indice PondENGHO'!BP107-1 -> 0.022216188 | BR110: =+'Indice PondENGHO'!BQ108/'Indice PondENGHO'!BQ107-1 -> 0.01986057 | BS110: =+'Indice PondENGHO'!BR108/'Indice PondENGHO'!BR107-1 -> 0.024233891 | BT110: =+'Indice PondENGHO'!BS108/'Indice PondENGHO'!BS107-1 -> 0.012864006 | ... CE110: =+'Indice PondENGHO'!CD108/'Indice PondENGHO'!CD107-1 -> 0.022002013
A111: =+DATE(C111,B111,1) -> 45962 | B111: =+IF(B110=12,1,B110+1) -> 11 | C111: =+IF(B111=1,C110+1,C110) -> 2025 | D111: =+'Indice PondENGHO'!D109/'Indice PondENGHO'!D108-1 -> 0.03579014 | E111: =+'Indice PondENGHO'!E109/'Indice PondENGHO'!E108-1 -> 0.006409424 | F111: =+'Indice PondENGHO'!F109/'Indice PondENGHO'!F108-1 -> 0.0077989818 | G111: =+'Indice PondENGHO'!G109/'Indice PondENGHO'!G108-1 -> 0.033520302 | H111: =+'Indice PondENGHO'!H109/'Indice PondENGHO'!H108-1 -> 0.011751905 | I111: =+'Indice PondENGHO'!I109/'Indice PondENGHO'!I108-1 -> 0.023262544 | J111: =+'Indice PondENGHO'!J109/'Indice PondENGHO'!J108-1 -> 0.028870444 | K111: =+'Indice PondENGHO'!K109/'Indice PondENGHO'!K108-1 -> 0.030032044 | ... BK111: =+'Indice PondENGHO'!BK109/'Indice PondENGHO'!BK108-1 -> 0.02085454 | BL111: =+A111 -> 45962 | BM111: =+'Indice PondENGHO'!BL109/'Indice PondENGHO'!BL108-1 -> 0.027755881 | BN111: =+'Indice PondENGHO'!BM109/'Indice PondENGHO'!BM108-1 -> 0.027309885 | BO111: =+'Indice PondENGHO'!BN109/'Indice PondENGHO'!BN108-1 -> 0.02713729 | BP111: =+'Indice PondENGHO'!BO109/'Indice PondENGHO'!BO108-1 -> 0.026782225 | BQ111: =+'Indice PondENGHO'!BP109/'Indice PondENGHO'!BP108-1 -> 0.026231318 | BR111: =+'Indice PondENGHO'!BQ109/'Indice PondENGHO'!BQ108-1 -> 0.034860506 | BS111: =+'Indice PondENGHO'!BR109/'Indice PondENGHO'!BR108-1 -> 0.0068081298 | BT111: =+'Indice PondENGHO'!BS109/'Indice PondENGHO'!BS108-1 -> 0.0079960308 | ... CE111: =+'Indice PondENGHO'!CD109/'Indice PondENGHO'!CD108-1 -> 0.02686682
A112: =+DATE(C112,B112,1) -> 45992 | B112: =+IF(B111=12,1,B111+1) -> 12 | C112: =+IF(B112=1,C111+1,C111) -> 2025 | D112: =+'Indice PondENGHO'!D110/'Indice PondENGHO'!D109-1 -> 0.035006308 | E112: =+'Indice PondENGHO'!E110/'Indice PondENGHO'!E109-1 -> 0.020724735 | F112: =+'Indice PondENGHO'!F110/'Indice PondENGHO'!F109-1 -> 0.010098515 | G112: =+'Indice PondENGHO'!G110/'Indice PondENGHO'!G109-1 -> 0.032946685 | H112: =+'Indice PondENGHO'!H110/'Indice PondENGHO'!H109-1 -> 0.018230468 | I112: =+'Indice PondENGHO'!I110/'Indice PondENGHO'!I109-1 -> 0.019974775 | J112: =+'Indice PondENGHO'!J110/'Indice PondENGHO'!J109-1 -> 0.03843955 | K112: =+'Indice PondENGHO'!K110/'Indice PondENGHO'!K109-1 -> 0.023293356 | ... BK112: =+'Indice PondENGHO'!BK110/'Indice PondENGHO'!BK109-1 -> 0.022656625 | BL112: =+A112 -> 45992 | BM112: =+'Indice PondENGHO'!BL110/'Indice PondENGHO'!BL109-1 -> 0.029336509 | BN112: =+'Indice PondENGHO'!BM110/'Indice PondENGHO'!BM109-1 -> 0.029011527 | BO112: =+'Indice PondENGHO'!BN110/'Indice PondENGHO'!BN109-1 -> 0.028635857 | BP112: =+'Indice PondENGHO'!BO110/'Indice PondENGHO'!BO109-1 -> 0.0286695 | BQ112: =+'Indice PondENGHO'!BP110/'Indice PondENGHO'!BP109-1 -> 0.02822871 | BR112: =+'Indice PondENGHO'!BQ110/'Indice PondENGHO'!BQ109-1 -> 0.033374334 | BS112: =+'Indice PondENGHO'!BR110/'Indice PondENGHO'!BR109-1 -> 0.02169635 | BT112: =+'Indice PondENGHO'!BS110/'Indice PondENGHO'!BS109-1 -> 0.011259675 | ... CE112: =+'Indice PondENGHO'!CD110/'Indice PondENGHO'!CD109-1 -> 0.02865523
A113: =+DATE(C113,B113,1) -> 46023 | B113: =+IF(B112=12,1,B112+1) -> 1 | C113: =+IF(B113=1,C112+1,C112) -> 2026 | D113: =+'Indice PondENGHO'!D111/'Indice PondENGHO'!D110-1 -> 0.039982898 | E113: =+'Indice PondENGHO'!E111/'Indice PondENGHO'!E110-1 -> 0.0063379882 | F113: =+'Indice PondENGHO'!F111/'Indice PondENGHO'!F110-1 -> 0.016607246 | G113: =+'Indice PondENGHO'!G111/'Indice PondENGHO'!G110-1 -> 0.035974206 | H113: =+'Indice PondENGHO'!H111/'Indice PondENGHO'!H110-1 -> 0.017580026 | I113: =+'Indice PondENGHO'!I111/'Indice PondENGHO'!I110-1 -> 0.023938853 | J113: =+'Indice PondENGHO'!J111/'Indice PondENGHO'!J110-1 -> 0.020054966 | K113: =+'Indice PondENGHO'!K111/'Indice PondENGHO'!K110-1 -> 0.013438479 | ... BK113: =+'Indice PondENGHO'!BK111/'Indice PondENGHO'!BK110-1 -> 0.021986688 | BL113: =+A113 -> 46023 | BM113: =+'Indice PondENGHO'!BL111/'Indice PondENGHO'!BL110-1 -> 0.030526892 | BN113: =+'Indice PondENGHO'!BM111/'Indice PondENGHO'!BM110-1 -> 0.029096676 | BO113: =+'Indice PondENGHO'!BN111/'Indice PondENGHO'!BN110-1 -> 0.028810555 | BP113: =+'Indice PondENGHO'!BO111/'Indice PondENGHO'!BO110-1 -> 0.028037189 | BQ113: =+'Indice PondENGHO'!BP111/'Indice PondENGHO'!BP110-1 -> 0.027048665 | BR113: =+'Indice PondENGHO'!BQ111/'Indice PondENGHO'!BQ110-1 -> 0.039772222 | BS113: =+'Indice PondENGHO'!BR111/'Indice PondENGHO'!BR110-1 -> 0.0059652782 | BT113: =+'Indice PondENGHO'!BS111/'Indice PondENGHO'!BS110-1 -> 0.017513547 | ... CE113: =+'Indice PondENGHO'!CD111/'Indice PondENGHO'!CD110-1 -> 0.028321864
A114: =+DATE(C114,B114,1) -> 46054 | B114: =+IF(B113=12,1,B113+1) -> 2 | C114: =+IF(B114=1,C113+1,C113) -> 2026 | D114: =+'Indice PondENGHO'!D112/'Indice PondENGHO'!D111-1 -> 0.023570257 | E114: =+'Indice PondENGHO'!E112/'Indice PondENGHO'!E111-1 -> 0.0069935847 | F114: =+'Indice PondENGHO'!F112/'Indice PondENGHO'!F111-1 -> 0.013873693 | G114: =+'Indice PondENGHO'!G112/'Indice PondENGHO'!G111-1 -> 0.068501213 | H114: =+'Indice PondENGHO'!H112/'Indice PondENGHO'!H111-1 -> 0.026499535 | I114: =+'Indice PondENGHO'!I112/'Indice PondENGHO'!I111-1 -> 0.024622633 | J114: =+'Indice PondENGHO'!J112/'Indice PondENGHO'!J111-1 -> 0.021199306 | K114: =+'Indice PondENGHO'!K112/'Indice PondENGHO'!K111-1 -> -0.0011225917 | ... BK114: =+'Indice PondENGHO'!BK112/'Indice PondENGHO'!BK111-1 -> 0.031476045 | BL114: =+A114 -> 46054 | BM114: =+'Indice PondENGHO'!BL112/'Indice PondENGHO'!BL111-1 -> 0.026794854 | BN114: =+'Indice PondENGHO'!BM112/'Indice PondENGHO'!BM111-1 -> 0.026436869 | BO114: =+'Indice PondENGHO'!BN112/'Indice PondENGHO'!BN111-1 -> 0.026226804 | BP114: =+'Indice PondENGHO'!BO112/'Indice PondENGHO'!BO111-1 -> 0.025946295 | BQ114: =+'Indice PondENGHO'!BP112/'Indice PondENGHO'!BP111-1 -> 0.026270602 | BR114: =+'Indice PondENGHO'!BQ112/'Indice PondENGHO'!BQ111-1 -> 0.02101441 | BS114: =+'Indice PondENGHO'!BR112/'Indice PondENGHO'!BR111-1 -> 0.0064417951 | BT114: =+'Indice PondENGHO'!BS112/'Indice PondENGHO'!BS111-1 -> 0.013484232 | ... CE114: =+'Indice PondENGHO'!CD112/'Indice PondENGHO'!CD111-1 -> 0.026280348
A115: =+DATE(C115,B115,1) -> 46082 | B115: =+IF(B114=12,1,B114+1) -> 3 | C115: =+IF(B115=1,C114+1,C114) -> 2026 | D115: =+'Indice PondENGHO'!D113/'Indice PondENGHO'!D112-1 -> 0.021752921 | E115: =+'Indice PondENGHO'!E113/'Indice PondENGHO'!E112-1 -> 0.013827081 | F115: =+'Indice PondENGHO'!F113/'Indice PondENGHO'!F112-1 -> 0.0031984943 | G115: =+'Indice PondENGHO'!G113/'Indice PondENGHO'!G112-1 -> 0.042276881 | H115: =+'Indice PondENGHO'!H113/'Indice PondENGHO'!H112-1 -> 0.014400114 | I115: =+'Indice PondENGHO'!I113/'Indice PondENGHO'!I112-1 -> 0.025479445 | J115: =+'Indice PondENGHO'!J113/'Indice PondENGHO'!J112-1 -> 0.041493654 | K115: =+'Indice PondENGHO'!K113/'Indice PondENGHO'!K112-1 -> 0.027405079 | ... BK115: =+'Indice PondENGHO'!BK113/'Indice PondENGHO'!BK112-1 -> 0.014172165 | BL115: =+A115 -> 46082 | BM115: =+'Indice PondENGHO'!BL113/'Indice PondENGHO'!BL112-1 -> 0.024662782 | BN115: =+'Indice PondENGHO'!BM113/'Indice PondENGHO'!BM112-1 -> 0.024029528 | BO115: =+'Indice PondENGHO'!BN113/'Indice PondENGHO'!BN112-1 -> 0.023323686 | BP115: =+'Indice PondENGHO'!BO113/'Indice PondENGHO'!BO112-1 -> 0.02362356 | BQ115: =+'Indice PondENGHO'!BP113/'Indice PondENGHO'!BP112-1 -> 0.023641616 | BR115: =+'Indice PondENGHO'!BQ113/'Indice PondENGHO'!BQ112-1 -> 0.019565533 | BS115: =+'Indice PondENGHO'!BR113/'Indice PondENGHO'!BR112-1 -> 0.013021292 | BT115: =+'Indice PondENGHO'!BS113/'Indice PondENGHO'!BS112-1 -> -0.00043223461 | ... CE115: =+'Indice PondENGHO'!CD113/'Indice PondENGHO'!CD112-1 -> 0.023766163
A116: =+DATE(C116,B116,1) -> 46113 | B116: =+IF(B115=12,1,B115+1) -> 4 | C116: =+IF(B116=1,C115+1,C115) -> 2026 | D116: =+'Indice PondENGHO'!D114/'Indice PondENGHO'!D113-1 -> 0.014789689 | E116: =+'Indice PondENGHO'!E114/'Indice PondENGHO'!E113-1 -> 0.028777383 | F116: =+'Indice PondENGHO'!F114/'Indice PondENGHO'!F113-1 -> 0.0048956773 | G116: =+'Indice PondENGHO'!G114/'Indice PondENGHO'!G113-1 -> 0.033696211 | H116: =+'Indice PondENGHO'!H114/'Indice PondENGHO'!H113-1 -> 0.028185642 | I116: =+'Indice PondENGHO'!I114/'Indice PondENGHO'!I113-1 -> 0.024737352 | J116: =+'Indice PondENGHO'!J114/'Indice PondENGHO'!J113-1 -> 0.04739783 | K116: =+'Indice PondENGHO'!K114/'Indice PondENGHO'!K113-1 -> 0.036500142 | ... BK116: =+'Indice PondENGHO'!BK114/'Indice PondENGHO'!BK113-1 -> 0.030549821 | BL116: =+A116 -> 46113 | BM116: =+'Indice PondENGHO'!BL114/'Indice PondENGHO'!BL113-1 -> 0.021938079 | BN116: =+'Indice PondENGHO'!BM114/'Indice PondENGHO'!BM113-1 -> 0.02341786 | BO116: =+'Indice PondENGHO'!BN114/'Indice PondENGHO'!BN113-1 -> 0.023705333 | BP116: =+'Indice PondENGHO'!BO114/'Indice PondENGHO'!BO113-1 -> 0.024710724 | BQ116: =+'Indice PondENGHO'!BP114/'Indice PondENGHO'!BP113-1 -> 0.025822889 | BR116: =+'Indice PondENGHO'!BQ114/'Indice PondENGHO'!BQ113-1 -> 0.014152566 | BS116: =+'Indice PondENGHO'!BR114/'Indice PondENGHO'!BR113-1 -> 0.028953114 | BT116: =+'Indice PondENGHO'!BS114/'Indice PondENGHO'!BS113-1 -> 0.0058202755 | ... CE116: =+'Indice PondENGHO'!CD114/'Indice PondENGHO'!CD113-1 -> 0.024352411
A117: =+DATE(C117,B117,1) -> 46143 | B117: =+IF(B116=12,1,B116+1) -> 5 | C117: =+IF(B117=1,C116+1,C116) -> 2026 | D117: =+'Indice PondENGHO'!D115/'Indice PondENGHO'!D114-1 -> 0.03606565 | E117: =+'Indice PondENGHO'!E115/'Indice PondENGHO'!E114-1 -> 0.013722812 | F117: =+'Indice PondENGHO'!F115/'Indice PondENGHO'!F114-1 -> 0.010213658 | G117: =+'Indice PondENGHO'!G115/'Indice PondENGHO'!G114-1 -> 0.032799471 | H117: =+'Indice PondENGHO'!H115/'Indice PondENGHO'!H114-1 -> 0.017214782 | I117: =+'Indice PondENGHO'!I115/'Indice PondENGHO'!I114-1 -> 0.025718355 | J117: =+'Indice PondENGHO'!J115/'Indice PondENGHO'!J114-1 -> 0.01849968 | K117: =+'Indice PondENGHO'!K115/'Indice PondENGHO'!K114-1 -> 0.034562972 | ... BK117: =+'Indice PondENGHO'!BK115/'Indice PondENGHO'!BK114-1 -> 0.0292361 | BL117: =+A117 -> 46143 | BM117: =+'Indice PondENGHO'!BL115/'Indice PondENGHO'!BL114-1 -> 0.028453403 | BN117: =+'Indice PondENGHO'!BM115/'Indice PondENGHO'!BM114-1 -> 0.027375895 | BO117: =+'Indice PondENGHO'!BN115/'Indice PondENGHO'!BN114-1 -> 0.027009025 | BP117: =+'Indice PondENGHO'!BO115/'Indice PondENGHO'!BO114-1 -> 0.026309326 | BQ117: =+'Indice PondENGHO'!BP115/'Indice PondENGHO'!BP114-1 -> 0.025393096 | BR117: =+'Indice PondENGHO'!BQ115/'Indice PondENGHO'!BQ114-1 -> 0.037460268 | BS117: =+'Indice PondENGHO'!BR115/'Indice PondENGHO'!BR114-1 -> 0.014861216 | BT117: =+'Indice PondENGHO'!BS115/'Indice PondENGHO'!BS114-1 -> 0.0095960185 | ... CE117: =+'Indice PondENGHO'!CD115/'Indice PondENGHO'!CD114-1 -> 0.026563528
A118: =+DATE(C118,B118,1) -> 46174 | B118: =+IF(B117=12,1,B117+1) -> 6 | C118: =+IF(B118=1,C117+1,C117) -> 2026 | D118: =+'Indice PondENGHO'!D116/'Indice PondENGHO'!D115-1 -> 0.025729005 | E118: =+'Indice PondENGHO'!E116/'Indice PondENGHO'!E115-1 -> 0.027790835 | F118: =+'Indice PondENGHO'!F116/'Indice PondENGHO'!F115-1 -> 0.018201178 | G118: =+'Indice PondENGHO'!G116/'Indice PondENGHO'!G115-1 -> 0.032876672 | H118: =+'Indice PondENGHO'!H116/'Indice PondENGHO'!H115-1 -> 0.018907566 | I118: =+'Indice PondENGHO'!I116/'Indice PondENGHO'!I115-1 -> 0.028429898 | J118: =+'Indice PondENGHO'!J116/'Indice PondENGHO'!J115-1 -> 0.017185453 | K118: =+'Indice PondENGHO'!K116/'Indice PondENGHO'!K115-1 -> 0.014678503 | ... BK118: =+'Indice PondENGHO'!BK116/'Indice PondENGHO'!BK115-1 -> 0.031299789 | BL118: =+A118 -> 46174 | BM118: =+'Indice PondENGHO'!BL116/'Indice PondENGHO'!BL115-1 -> 0.025063003 | BN118: =+'Indice PondENGHO'!BM116/'Indice PondENGHO'!BM115-1 -> 0.024751039 | BO118: =+'Indice PondENGHO'!BN116/'Indice PondENGHO'!BN115-1 -> 0.024742695 | BP118: =+'Indice PondENGHO'!BO116/'Indice PondENGHO'!BO115-1 -> 0.02447168 | BQ118: =+'Indice PondENGHO'!BP116/'Indice PondENGHO'!BP115-1 -> 0.024570555 | BR118: =+'Indice PondENGHO'!BQ116/'Indice PondENGHO'!BQ115-1 -> 0.026019159 | BS118: =+'Indice PondENGHO'!BR116/'Indice PondENGHO'!BR115-1 -> 0.027184784 | BT118: =+'Indice PondENGHO'!BS116/'Indice PondENGHO'!BS115-1 -> 0.019044513 | ... CE118: =+'Indice PondENGHO'!CD116/'Indice PondENGHO'!CD115-1 -> 0.024667089
A119: =+DATE(C119,B119,1) -> 46204 | B119: =+IF(B118=12,1,B118+1) -> 7 | C119: =+IF(B119=1,C118+1,C118) -> 2026 | D119: =+'Indice PondENGHO'!D117/'Indice PondENGHO'!D116-1 -> 0.026506455 | E119: =+'Indice PondENGHO'!E117/'Indice PondENGHO'!E116-1 -> 0.021209555 | F119: =+'Indice PondENGHO'!F117/'Indice PondENGHO'!F116-1 -> 0.013544174 | G119: =+'Indice PondENGHO'!G117/'Indice PondENGHO'!G116-1 -> 0.025195006 | H119: =+'Indice PondENGHO'!H117/'Indice PondENGHO'!H116-1 -> 0.019856037 | I119: =+'Indice PondENGHO'!I117/'Indice PondENGHO'!I116-1 -> 0.025759202 | J119: =+'Indice PondENGHO'!J117/'Indice PondENGHO'!J116-1 -> 0.018822218 | K119: =+'Indice PondENGHO'!K117/'Indice PondENGHO'!K116-1 -> 0.033418375 | ... BK119: =+'Indice PondENGHO'!BK117/'Indice PondENGHO'!BK116-1 -> 0.026579805 | BL119: =+A119 -> 46204 | BM119: =+'Indice PondENGHO'!BL117/'Indice PondENGHO'!BL116-1 -> 0.025637282 | BN119: =+'Indice PondENGHO'!BM117/'Indice PondENGHO'!BM116-1 -> 0.025615393 | BO119: =+'Indice PondENGHO'!BN117/'Indice PondENGHO'!BN116-1 -> 0.025898313 | BP119: =+'Indice PondENGHO'!BO117/'Indice PondENGHO'!BO116-1 -> 0.025940951 | BQ119: =+'Indice PondENGHO'!BP117/'Indice PondENGHO'!BP116-1 -> 0.026377196 | BR119: =+'Indice PondENGHO'!BQ117/'Indice PondENGHO'!BQ116-1 -> 0.027328777 | BS119: =+'Indice PondENGHO'!BR117/'Indice PondENGHO'!BR116-1 -> 0.021060232 | BT119: =+'Indice PondENGHO'!BS117/'Indice PondENGHO'!BS116-1 -> 0.01297182 | ... CE119: =+'Indice PondENGHO'!CD117/'Indice PondENGHO'!CD116-1 -> 0.025986706
A120: =+DATE(C120,B120,1) -> 46235 | B120: =+IF(B119=12,1,B119+1) -> 8 | C120: =+IF(B120=1,C119+1,C119) -> 2026 | D120: =+'Indice PondENGHO'!D118/'Indice PondENGHO'!D117-1 -> 0.016764523 | E120: =+'Indice PondENGHO'!E118/'Indice PondENGHO'!E117-1 -> 0.025644519 | F120: =+'Indice PondENGHO'!F118/'Indice PondENGHO'!F117-1 -> 0.0060185016 | G120: =+'Indice PondENGHO'!G118/'Indice PondENGHO'!G117-1 -> 0.028600112 | H120: =+'Indice PondENGHO'!H118/'Indice PondENGHO'!H117-1 -> 0.012316556 | I120: =+'Indice PondENGHO'!I118/'Indice PondENGHO'!I117-1 -> 0.02439292 | J120: =+'Indice PondENGHO'!J118/'Indice PondENGHO'!J117-1 -> 0.013329508 | K120: =+'Indice PondENGHO'!K118/'Indice PondENGHO'!K117-1 -> 0.03844334 | ... BK120: =+'Indice PondENGHO'!BK118/'Indice PondENGHO'!BK117-1 -> 0.025133317 | BL120: =+A120 -> 46235 | BM120: =+'Indice PondENGHO'!BL118/'Indice PondENGHO'!BL117-1 -> 0.017385764 | BN120: =+'Indice PondENGHO'!BM118/'Indice PondENGHO'!BM117-1 -> 0.017551118 | BO120: =+'Indice PondENGHO'!BN118/'Indice PondENGHO'!BN117-1 -> 0.017706273 | BP120: =+'Indice PondENGHO'!BO118/'Indice PondENGHO'!BO117-1 -> 0.017593935 | BQ120: =+'Indice PondENGHO'!BP118/'Indice PondENGHO'!BP117-1 -> 0.017770036 | BR120: =+'Indice PondENGHO'!BQ118/'Indice PondENGHO'!BQ117-1 -> 0.016375338 | BS120: =+'Indice PondENGHO'!BR118/'Indice PondENGHO'!BR117-1 -> 0.026515121 | BT120: =+'Indice PondENGHO'!BS118/'Indice PondENGHO'!BS117-1 -> 0.0060583937 | ... CE120: =+'Indice PondENGHO'!CD118/'Indice PondENGHO'!CD117-1 -> 0.017638539

Sheet Incidencia Mensual
D1: 0.12213078 | E1: 0.15522292 | F1: 0.17671655 | G1: 0.22275587 | H1: 0.32317388 | K1: Incidencia de cada quintil | S1: 34.475014 | T1: 27.694016 | U1: 25.375776 | V1: 21.080662 | W1: 15.698501 | Y1: Incidencia de alimentos en cada quintil | AE1: 34.475014 | AF1: 2.2236171 | AG1: 7.9922948 | AH1: 14.191224 | AI1: 4.1193419 | AJ1: 4.1856108 | AK1: 10.388893 | AL1: 5.015727 | AM1: 7.7021766 | AN1: 1.6482054 | AO1: 4.3887634 | AP1: 3.6691303 | AS1: 15.698501 | AT1: 1.8403748 | AU1: 5.969614 | AV1: 14.619552 | AW1: 6.9953794 | AX1: 7.9965477 | AY1: 15.644684 | AZ1: 4.5556302 | BA1: 9.7462597 | BB1: 3.7638986 | BC1: 8.1615171 | BD1: 5.0080423 | BG1: Incidencia de cada división en quintil 1 | BV1: Incidencia de cada división en quintil 5 | CK1: Incidencia de cada división en q1-q5
A2: =+'Indice PondENGHO'!A1 -> Period | B2: =+'Indice PondENGHO'!B1 -> Mes | C2: =+'Indice PondENGHO'!C1 -> Anio | D2: =+'Indice PondENGHO'!BL1 -> ipc_quintil1 | E2: =+'Indice PondENGHO'!BM1 -> ipc_quintil2 | F2: =+'Indice PondENGHO'!BN1 -> ipc_quintil3 | G2: =+'Indice PondENGHO'!BO1 -> ipc_quintil4 | H2: =+'Indice PondENGHO'!BP1 -> ipc_quintil5 | I2: =+'Indice PondENGHO'!CD1 -> ipc_sum_i | K2: QUINTIL 1 | L2: QUINTIL 2 | M2: QUINTIL 3 | N2: QUINTIL 4 | O2: QUINTIL 5 | P2: Suma | Q2: Check | S2: =+'Indice PondENGHO'!D1 -> ipc_d1_i1 | T2: =+'Indice PondENGHO'!P1 -> ipc_d2_i1 | U2: =+'Indice PondENGHO'!AB1 -> ipc_d3_i1 | V2: =+'Indice PondENGHO'!AN1 -> ipc_d4_i1 | W2: =+'Indice PondENGHO'!AZ1 -> ipc_d5_i1 | Y2: QUINTIL 1 | Z2: QUINTIL 2 | AA2: QUINTIL 3 | AB2: QUINTIL 4 | AC2: QUINTIL 5 | AE2: =+'Indice PondENGHO'!D1 -> ipc_d1_i1 | AF2: =+'Indice PondENGHO'!E1 -> ipc_d1_i2 | AG2: =+'Indice PondENGHO'!F1 -> ipc_d1_i3 | AH2: =+'Indice PondENGHO'!G1 -> ipc_d1_i4 | AI2: =+'Indice PondENGHO'!H1 -> ipc_d1_i5 | AJ2: =+'Indice PondENGHO'!I1 -> ipc_d1_i6 | AK2: =+'Indice PondENGHO'!J1 -> ipc_d1_i7 | AL2: =+'Indice PondENGHO'!K1 -> ipc_d1_i8 | ... AP2: =+'Indice PondENGHO'!O1 -> ipc_d1_i12 | AQ2: =+D2 -> ipc_quintil1 | AS2: =+'Indice PondENGHO'!AZ1 -> ipc_d5_i1 | AT2: =+'Indice PondENGHO'!BA1 -> ipc_d5_i2 | AU2: =+'Indice PondENGHO'!BB1 -> ipc_d5_i3 | AV2: =+'Indice PondENGHO'!BC1 -> ipc_d5_i4 | AW2: =+'Indice PondENGHO'!BD1 -> ipc_d5_i5 | AX2: =+'Indice PondENGHO'!BE1 -> ipc_d5_i6 | AY2: =+'Indice PondENGHO'!BF1 -> ipc_d5_i7 | AZ2: =+'Indice PondENGHO'!BG1 -> ipc_d5_i8 | ... BD2: =+'Indice PondENGHO'!BK1 -> ipc_d5_i12 | BE2: =+H2 -> ipc_quintil5 | BG2: Alimentos y bebidas no alcohólicas | BH2: Bebidas alcohólicas y tabaco | BI2: Prendas de vestir y calzado | BJ2: Vivienda, agua, electricidad, gas y otros combustibles | BK2: Equipamiento y mantenimiento del hogar | BL2: Salud | BM2: Transporte | BN2: Comunicación | BO2: Recreación y cultura | BP2: Educación | BQ2: Restaurantes y hoteles | BR2: Bienes y servicios varios | BS2: Total | BV2: Alimentos y bebidas no alcohólicas | BW2: Bebidas alcohólicas y tabaco | BX2: Prendas de vestir y calzado | BY2: Vivienda, agua, electricidad, gas y otros combustibles | BZ2: Equipamiento y mantenimiento del hogar | CA2: Salud | CB2: Transporte | CC2: Comunicación | CD2: Recreación y cultura | CE2: Educación | CF2: Restaurantes y hoteles | CG2: Bienes y servicios varios | CK2: Alimentos y bebidas no alcohólicas | CL2: Bebidas alcohólicas y tabaco | CM2: Prendas de vestir y calzado | CN2: Vivienda, agua, electricidad, gas y otros combustibles | CO2: Equipamiento y mantenimiento del hogar | CP2: Salud | CQ2: Transporte | CR2: Comunicación | CS2: Recreación y cultura | CT2: Educación | CU2: Restaurantes y hoteles | CV2: Bienes y servicios varios
A3: =+'Indice PondENGHO'!A2 -> 42705 | B3: =+'Indice PondENGHO'!B2 -> 12 | C3: =+'Indice PondENGHO'!C2 -> 2016 | D3: =+'Indice PondENGHO'!BL2 -> 100 | E3: =+'Indice PondENGHO'!BM2 -> 100 | F3: =+'Indice PondENGHO'!BN2 -> 100 | G3: =+'Indice PondENGHO'!BO2 -> 100 | H3: =+'Indice PondENGHO'!BP2 -> 100 | I3: =+'Indice PondENGHO'!CD2 -> 100 | S3: =+'Indice PondENGHO'!D2 -> 100 | T3: =+'Indice PondENGHO'!P2 -> 100 | U3: =+'Indice PondENGHO'!AB2 -> 100 | V3: =+'Indice PondENGHO'!AN2 -> 100 | W3: =+'Indice PondENGHO'!AZ2 -> 100 | AE3: =+'Indice PondENGHO'!D2 -> 100 | AF3: =+'Indice PondENGHO'!E2 -> 100 | AG3: =+'Indice PondENGHO'!F2 -> 100 | AH3: =+'Indice PondENGHO'!G2 -> 100 | AI3: =+'Indice PondENGHO'!H2 -> 100 | AJ3: =+'Indice PondENGHO'!I2 -> 100 | AK3: =+'Indice PondENGHO'!J2 -> 100 | AL3: =+'Indice PondENGHO'!K2 -> 100 | ... AP3: =+'Indice PondENGHO'!O2 -> 100 | AQ3: =+D3 -> 100 | AS3: =+'Indice PondENGHO'!AZ2 -> 100 | AT3: =+'Indice PondENGHO'!BA2 -> 100 | AU3: =+'Indice PondENGHO'!BB2 -> 100 | AV3: =+'Indice PondENGHO'!BC2 -> 100 | AW3: =+'Indice PondENGHO'!BD2 -> 100 | AX3: =+'Indice PondENGHO'!BE2 -> 100 | AY3: =+'Indice PondENGHO'!BF2 -> 100 | AZ3: =+'Indice PondENGHO'!BG2 -> 100 | ... BD3: =+'Indice PondENGHO'!BK2 -> 100 | BE3: =+H3 -> 100 | BV3: Alimentos y bebidas no alcohólicas
A4: =+'Indice PondENGHO'!A3 -> 42736 | B4: =+'Indice PondENGHO'!B3 -> 1 | C4: =+'Indice PondENGHO'!C3 -> 2017 | D4: =+'Indice PondENGHO'!BL3 -> 101.53516 | E4: =+'Indice PondENGHO'!BM3 -> 101.60149 | F4: =+'Indice PondENGHO'!BN3 -> 101.67336 | G4: =+'Indice PondENGHO'!BO3 -> 101.7434 | H4: =+'Indice PondENGHO'!BP3 -> 101.83573 | I4: =+'Indice PondENGHO'!CD3 -> 101.71334 | K4: =100*D$1*(D4-D3)/$I3 -> 0.18749076 | L4: =100*E$1*(E4-E3)/$I3 -> 0.24858737 | M4: =100*F$1*(F4-F3)/$I3 -> 0.29570954 | N4: =100*G$1*(G4-G3)/$I3 -> 0.38835271 | O4: =100*H$1*(H4-H3)/$I3 -> 0.59326048 | P4: =+SUM(K4:O4) -> 1.7134009 | Q4: =100*(I4/I3-1) -> 1.7133408 | S4: =+'Indice PondENGHO'!D3 -> 100.75443 | T4: =+'Indice PondENGHO'!P3 -> 100.70419 | U4: =+'Indice PondENGHO'!AB3 -> 100.67267 | V4: =+'Indice PondENGHO'!AN3 -> 100.64976 | W4: =+'Indice PondENGHO'!AZ3 -> 100.58473 | Y4: =+S$1*(S4-S3)/D3 -> 0.26008814 | Z4: =+T$1*(T4-T3)/E3 -> 0.19501935 | AA4: =+U$1*(U4-U3)/F3 -> 0.17069484 | AB4: =+V$1*(V4-V3)/G3 -> 0.13697316 | AC4: =+W$1*(W4-W3)/H3 -> 0.091794165 | AE4: =+'Indice PondENGHO'!D3 -> 100.75443 | AF4: =+'Indice PondENGHO'!E3 -> 100.07867 | AG4: =+'Indice PondENGHO'!F3 -> 101.8736 | AH4: =+'Indice PondENGHO'!G3 -> 101.75706 | AI4: =+'Indice PondENGHO'!H3 -> 101.41307 | AJ4: =+'Indice PondENGHO'!I3 -> 102.52074 | AK4: =+'Indice PondENGHO'!J3 -> 102.16384 | AL4: =+'Indice PondENGHO'!K3 -> 101.82204 | ... AP4: =+'Indice PondENGHO'!O3 -> 101.89512 | AQ4: =+D4 -> 101.53516 | AS4: =+'Indice PondENGHO'!AZ3 -> 100.58473 | AT4: =+'Indice PondENGHO'!BA3 -> 99.966995 | AU4: =+'Indice PondENGHO'!BB3 -> 101.80144 | AV4: =+'Indice PondENGHO'!BC3 -> 101.74652 | AW4: =+'Indice PondENGHO'!BD3 -> 101.40194 | AX4: =+'Indice PondENGHO'!BE3 -> 102.14667 | AY4: =+'Indice PondENGHO'!BF3 -> 102.12139 | AZ4: =+'Indice PondENGHO'!BG3 -> 101.94764 | ... BD4: =+'Indice PondENGHO'!BK3 -> 101.78677 | BE4: =+H4 -> 101.83573 | BG4: =+AE$1*(AE4-AE3)/$AQ3 -> 0.26008814 | BH4: =+AF$1*(AF4-AF3)/$AQ3 -> 0.0017494155 | BI4: =+AG$1*(AG4-AG3)/$AQ3 -> 0.14974333 | BJ4: =+AH$1*(AH4-AH3)/$AQ3 -> 0.24934792 | BK4: =+AI$1*(AI4-AI3)/$AQ3 -> 0.058209212 | BL4: =+AJ$1*(AJ4-AJ3)/$AQ3 -> 0.10550823 | BM4: =+AK$1*(AK4-AK3)/$AQ3 -> 0.22479915 | BN4: =+AL$1*(AL4-AL3)/$AQ3 -> 0.091388772 | ... BR4: =+AP$1*(AP4-AP3)/$AQ3 -> 0.069534375 | BS4: =+SUM(BG4:BR4) -> 1.6340314 | BT4: =100*(D4/D3-1) -> 1.5351639 | BW4: =+AT$1*(AT4-AT3)/$BE3 -> -0.00060741131 | BX4: =+AU$1*(AU4-AU3)/$BE3 -> 0.10753886 | BY4: =+AV$1*(AV4-AV3)/$BE3 -> 0.25533354 | BZ4: =+AW$1*(AW4-AW3)/$BE3 -> 0.09807098 | CA4: =+AX$1*(AX4-AX3)/$BE3 -> 0.17165929 | CB4: =+AY$1*(AY4-AY3)/$BE3 -> 0.33188496 | CC4: =+AZ$1*(AZ4-AZ3)/$BE3 -> 0.088727252 | CD4: =+BA$1*(BA4-BA3)/$BE3 -> 0.30009426 | ... CG4: =+BD$1*(BD4-BD3)/$BE3 -> 0.089482382 | CH4: =+SUM(BV4:CG4) -> 1.8159114 | CI4: =100*(H4/H3-1) -> 1.8357315 | CK4: =+BG4-BV5 -> 0.16829397 | CL4: =+BH4-BW4 -> 0.0023568268 | CM4: =+BI4-BX4 -> 0.042204472 | CN4: =+BJ4-BY4 -> -0.0059856159 | CO4: =+BK4-BZ4 -> -0.039861768 | CP4: =+BL4-CA4 -> -0.066151062 | CQ4: =+BM4-CB4 -> -0.10708581 | CR4: =+BN4-CC4 -> 0.0026615205 | CS4: =+BO4-CD4 -> -0.053303999 | ... CX4: =+BT4-CI4 -> -0.30056763
A5: =+'Indice PondENGHO'!A4 -> 42767 | B5: =+'Indice PondENGHO'!B4 -> 2 | C5: =+'Indice PondENGHO'!C4 -> 2017 | D5: =+'Indice PondENGHO'!BL4 -> 103.31424 | E5: =+'Indice PondENGHO'!BM4 -> 103.51962 | F5: =+'Indice PondENGHO'!BN4 -> 103.60584 | G5: =+'Indice PondENGHO'!BO4 -> 103.73715 | H5: =+'Indice PondENGHO'!BP4 -> 103.98492 | I5: =+'Indice PondENGHO'!CD4 -> 103.7085 | K5: =100*D$1*(D5-D4)/$I4 -> 0.21361985 | L5: =100*E$1*(E5-E4)/$I4 -> 0.29272225 | M5: =100*F$1*(F5-F4)/$I4 -> 0.33574997 | N5: =100*G$1*(G5-G4)/$I4 -> 0.43663874 | O5: =100*H$1*(H5-H4)/$I4 -> 0.68286322 | P5: =+SUM(K5:O5) -> 1.961594 | Q5: =100*(I5/I4-1) -> 1.9615473 | S5: =+'Indice PondENGHO'!D4 -> 101.49557 | T5: =+'Indice PondENGHO'!P4 -> 101.35954 | U5: =+'Indice PondENGHO'!AB4 -> 101.27277 | V5: =+'Indice PondENGHO'!AN4 -> 101.21137 | W5: =+'Indice PondENGHO'!AZ4 -> 101.09396 | Y5: =+S$1*(S5-S4)/D4 -> 0.25164832 | Z5: =+T$1*(T5-T4)/E4 -> 0.17863189 | AA5: =+U$1*(U5-U4)/F4 -> 0.14977511 | AB5: =+V$1*(V5-V4)/G4 -> 0.11636348 | AC5: =+W$1*(W5-W4)/H4 -> 0.078499483 | AE5: =+'Indice PondENGHO'!D4 -> 101.49557 | AF5: =+'Indice PondENGHO'!E4 -> 104.12119 | AG5: =+'Indice PondENGHO'!F4 -> 103.72802 | AH5: =+'Indice PondENGHO'!G4 -> 106.74596 | AI5: =+'Indice PondENGHO'!H4 -> 102.41474 | AJ5: =+'Indice PondENGHO'!I4 -> 105.09741 | AK5: =+'Indice PondENGHO'!J4 -> 104.14701 | AL5: =+'Indice PondENGHO'!K4 -> 104.71087 | ... AP5: =+'Indice PondENGHO'!O4 -> 104.02026 | AQ5: =+D5 -> 103.31424 | AS5: =+'Indice PondENGHO'!AZ4 -> 101.09396 | AT5: =+'Indice PondENGHO'!BA4 -> 104.3143 | AU5: =+'Indice PondENGHO'!BB4 -> 103.87718 | AV5: =+'Indice PondENGHO'!BC4 -> 107.47168 | AW5: =+'Indice PondENGHO'!BD4 -> 102.47205 | AX5: =+'Indice PondENGHO'!BE4 -> 105.05296 | AY5: =+'Indice PondENGHO'!BF4 -> 104.0546 | AZ5: =+'Indice PondENGHO'!BG4 -> 104.74574 | ... BD5: =+'Indice PondENGHO'!BK4 -> 104.1554 | BE5: =+H5 -> 103.98492 | BG5: =+AE$1*(AE5-AE4)/$AQ4 -> 0.25164832 | BH5: =+AF$1*(AF5-AF4)/$AQ4 -> 0.088531038 | BI5: =+AG$1*(AG5-AG4)/$AQ4 -> 0.14597011 | BJ5: =+AH$1*(AH5-AH4)/$AQ4 -> 0.69728252 | BK5: =+AI$1*(AI5-AI4)/$AQ4 -> 0.04063838 | BL5: =+AJ$1*(AJ5-AJ4)/$AQ4 -> 0.10621897 | BM5: =+AK$1*(AK5-AK4)/$AQ4 -> 0.2029143 | BN5: =+AL$1*(AL5-AL4)/$AQ4 -> 0.1427048 | ... BR5: =+AP$1*(AP5-AP4)/$AQ4 -> 0.076795127 | BS5: =+SUM(BG5:BR5) -> 1.967209 | BT5: =100*(D5/D4-1) -> 1.7521768 | BV5: =+AS$1*(AS4-AS3)/$BE3 -> 0.091794165 | BW5: =+AT$1*(AT5-AT4)/$BE4 -> 0.078564479 | BX5: =+AU$1*(AU5-AU4)/$BE4 -> 0.12168022 | BY5: =+AV$1*(AV5-AV4)/$BE4 -> 0.82190457 | BZ5: =+AW$1*(AW5-AW4)/$BE4 -> 0.07350859 | CA5: =+AX$1*(AX5-AX4)/$BE4 -> 0.22821333 | CB5: =+AY$1*(AY5-AY4)/$BE4 -> 0.29699296 | CC5: =+AZ$1*(AZ5-AZ4)/$BE4 -> 0.12517305 | CD5: =+BA$1*(BA5-BA4)/$BE4 -> 0.054855241 | ... CG5: =+BD$1*(BD5-BD4)/$BE4 -> 0.11648326 | CH5: =+SUM(BV5:CG5) -> 2.3427117 | CI5: =100*(H5/H4-1) -> 2.1104506 | CK5: =+BG5-BV6 -> 0.17314883 | CL5: =+BH5-BW5 -> 0.0099665583 | CM5: =+BI5-BX5 -> 0.024289894 | CN5: =+BJ5-BY5 -> -0.12462205 | CO5: =+BK5-BZ5 -> -0.03287021 | CP5: =+BL5-CA5 -> -0.12199437 | CQ5: =+BM5-CB5 -> -0.094078657 | CR5: =+BN5-CC5 -> 0.017531745 | CS5: =+BO5-CD5 -> 0.0014896119 | ... CX5: =+BT5-CI5 -> -0.35827377
A6: =+'Indice PondENGHO'!A5 -> 42795 | B6: =+'Indice PondENGHO'!B5 -> 3 | C6: =+'Indice PondENGHO'!C5 -> 2017 | D6: =+'Indice PondENGHO'!BL5 -> 104.9422 | E6: =+'Indice PondENGHO'!BM5 -> 105.09464 | F6: =+'Indice PondENGHO'!BN5 -> 105.13998 | G6: =+'Indice PondENGHO'!BO5 -> 105.23006 | H6: =+'Indice PondENGHO'!BP5 -> 105.39371 | I6: =+'Indice PondENGHO'!CD5 -> 105.21078 | K6: =100*D$1*(D6-D5)/$I5 -> 0.19171433 | L6: =100*E$1*(E6-E5)/$I5 -> 0.23573689 | M6: =100*F$1*(F6-F5)/$I5 -> 0.26141238 | N6: =100*G$1*(G6-G5)/$I5 -> 0.32066319 | O6: =100*H$1*(H6-H5)/$I5 -> 0.43900389 | P6: =+SUM(K6:O6) -> 1.4485307 | Q6: =100*(I6/I5-1) -> 1.4485613 | S6: =+'Indice PondENGHO'!D5 -> 102.59162 | T6: =+'Indice PondENGHO'!P5 -> 102.54792 | U6: =+'Indice PondENGHO'!AB5 -> 102.5181 | V6: =+'Indice PondENGHO'!AN5 -> 102.51295 | W6: =+'Indice PondENGHO'!AZ5 -> 102.52655 | Y6: =+S$1*(S6-S5)/D5 -> 0.36574064 | Z6: =+T$1*(T6-T5)/E5 -> 0.31791986 | AA6: =+U$1*(U6-U5)/F5 -> 0.30501217 | AB6: =+V$1*(V6-V5)/G5 -> 0.26449595 | AC6: =+W$1*(W6-W5)/H5 -> 0.21627734 | AE6: =+'Indice PondENGHO'!D5 -> 102.59162 | AF6: =+'Indice PondENGHO'!E5 -> 105.44258 | AG6: =+'Indice PondENGHO'!F5 -> 105.09715 | AH6: =+'Indice PondENGHO'!G5 -> 111.78063 | AI6: =+'Indice PondENGHO'!H5 -> 103.34509 | AJ6: =+'Indice PondENGHO'!I5 -> 107.29404 | AK6: =+'Indice PondENGHO'!J5 -> 105.33861 | AL6: =+'Indice PondENGHO'!K5 -> 107.79424 | ... AP6: =+'Indice PondENGHO'!O5 -> 106.36736 | AQ6: =+D6 -> 104.9422 | AS6: =+'Indice PondENGHO'!AZ5 -> 102.52655 | AT6: =+'Indice PondENGHO'!BA5 -> 105.41113 | AU6: =+'Indice PondENGHO'!BB5 -> 104.94366 | AV6: =+'Indice PondENGHO'!BC5 -> 110.73005 | AW6: =+'Indice PondENGHO'!BD5 -> 103.23457 | AX6: =+'Indice PondENGHO'!BE5 -> 107.04807 | AY6: =+'Indice PondENGHO'!BF5 -> 105.30276 | AZ6: =+'Indice PondENGHO'!BG5 -> 107.55099 | ... BD6: =+'Indice PondENGHO'!BK5 -> 106.42733 | BE6: =+H6 -> 105.39371 | BG6: =+AE$1*(AE6-AE5)/$AQ5 -> 0.36574064 | BH6: =+AF$1*(AF6-AF5)/$AQ5 -> 0.028440044 | BI6: =+AG$1*(AG6-AG5)/$AQ5 -> 0.10591487 | BJ6: =+AH$1*(AH6-AH5)/$AQ5 -> 0.69156103 | BK6: =+AI$1*(AI6-AI5)/$AQ5 -> 0.03709463 | BL6: =+AJ$1*(AJ6-AJ5)/$AQ5 -> 0.08899273 | BM6: =+AK$1*(AK6-AK5)/$AQ5 -> 0.11982253 | BN6: =+AL$1*(AL6-AL5)/$AQ5 -> 0.14969209 | ... BR6: =+AP$1*(AP6-AP5)/$AQ5 -> 0.083355801 | BS6: =+SUM(BG6:BR6) -> 1.8064956 | BT6: =100*(D6/D5-1) -> 1.5757365 | BV6: =+AS$1*(AS5-AS4)/$BE4 -> 0.078499483 | BW6: =+AT$1*(AT6-AT5)/$BE5 -> 0.019412261 | BX6: =+AU$1*(AU6-AU5)/$BE5 -> 0.061224679 | BY6: =+AV$1*(AV6-AV5)/$BE5 -> 0.45810391 | BZ6: =+AW$1*(AW6-AW5)/$BE5 -> 0.051297009 | CA6: =+AX$1*(AX6-AX5)/$BE5 -> 0.15342657 | CB6: =+AY$1*(AY6-AY5)/$BE5 -> 0.18778769 | CC6: =+AZ$1*(AZ6-AZ5)/$BE5 -> 0.12289979 | CD6: =+BA$1*(BA6-BA5)/$BE5 -> 0.16736136 | ... CG6: =+BD$1*(BD6-BD5)/$BE5 -> 0.10941917 | CH6: =+SUM(BV6:CG6) -> 1.3107997 | CI6: =100*(H6/H5-1) -> 1.3548027 | CK6: =+BG6-BV7 -> 0.14946331 | CL6: =+BH6-BW6 -> 0.0090277823 | CM6: =+BI6-BX6 -> 0.044690194 | CN6: =+BJ6-BY6 -> 0.23345712 | CO6: =+BK6-BZ6 -> -0.014202379 | CP6: =+BL6-CA6 -> -0.064433835 | CQ6: =+BM6-CB6 -> -0.067965163 | CR6: =+BN6-CC6 -> 0.026792293 | CS6: =+BO6-CD6 -> -0.044291285 | ... CX6: =+BT6-CI6 -> 0.2209338
A7: =+'Indice PondENGHO'!A6 -> 42826 | B7: =+'Indice PondENGHO'!B6 -> 4 | C7: =+'Indice PondENGHO'!C6 -> 2017 | D7: =+'Indice PondENGHO'!BL6 -> 107.66093 | E7: =+'Indice PondENGHO'!BM6 -> 107.83685 | F7: =+'Indice PondENGHO'!BN6 -> 107.87684 | G7: =+'Indice PondENGHO'!BO6 -> 107.87377 | H7: =+'Indice PondENGHO'!BP6 -> 108.00254 | I7: =+'Indice PondENGHO'!CD6 -> 107.88415 | K7: =100*D$1*(D7-D6)/$I6 -> 0.31559618 | L7: =100*E$1*(E7-E6)/$I6 -> 0.40457366 | M7: =100*F$1*(F7-F6)/$I6 -> 0.45969514 | N7: =100*G$1*(G7-G6)/$I6 -> 0.55973478 | O7: =100*H$1*(H7-H6)/$I6 -> 0.80134788 | P7: =+SUM(K7:O7) -> 2.5409476 | Q7: =100*(I7/I6-1) -> 2.5409663 | S7: =+'Indice PondENGHO'!D6 -> 104.83715 | T7: =+'Indice PondENGHO'!P6 -> 104.75195 | U7: =+'Indice PondENGHO'!AB6 -> 104.69497 | V7: =+'Indice PondENGHO'!AN6 -> 104.6684 | W7: =+'Indice PondENGHO'!AZ6 -> 104.63966 | Y7: =+S$1*(S7-S6)/D6 -> 0.73768845 | Z7: =+T$1*(T7-T6)/E6 -> 0.58079579 | AA7: =+U$1*(U7-U6)/F6 -> 0.52539315 | AB7: =+V$1*(V7-V6)/G6 -> 0.4317995 | AC7: =+W$1*(W7-W6)/H6 -> 0.31474925 | AE7: =+'Indice PondENGHO'!D6 -> 104.83715 | AF7: =+'Indice PondENGHO'!E6 -> 109.06272 | AG7: =+'Indice PondENGHO'!F6 -> 107.19997 | AH7: =+'Indice PondENGHO'!G6 -> 118.56262 | AI7: =+'Indice PondENGHO'!H6 -> 104.72852 | AJ7: =+'Indice PondENGHO'!I6 -> 109.37293 | AK7: =+'Indice PondENGHO'!J6 -> 106.10596 | AL7: =+'Indice PondENGHO'!K6 -> 115.75879 | ... AP7: =+'Indice PondENGHO'!O6 -> 109.00267 | AQ7: =+D7 -> 107.66093 | AS7: =+'Indice PondENGHO'!AZ6 -> 104.63966 | AT7: =+'Indice PondENGHO'!BA6 -> 109.01501 | AU7: =+'Indice PondENGHO'!BB6 -> 107.33573 | AV7: =+'Indice PondENGHO'!BC6 -> 116.94341 | AW7: =+'Indice PondENGHO'!BD6 -> 104.54823 | AX7: =+'Indice PondENGHO'!BE6 -> 108.84669 | AY7: =+'Indice PondENGHO'!BF6 -> 105.99792 | AZ7: =+'Indice PondENGHO'!BG6 -> 115.47173 | ... BD7: =+'Indice PondENGHO'!BK6 -> 109.13836 | BE7: =+H7 -> 108.00254 | BG7: =+AE$1*(AE7-AE6)/$AQ6 -> 0.73768845 | BH7: =+AF$1*(AF7-AF6)/$AQ6 -> 0.076707038 | BI7: =+AG$1*(AG7-AG6)/$AQ6 -> 0.16014823 | BJ7: =+AH$1*(AH7-AH6)/$AQ6 -> 0.91712143 | BK7: =+AI$1*(AI7-AI6)/$AQ6 -> 0.054304399 | BL7: =+AJ$1*(AJ7-AJ6)/$AQ6 -> 0.082916574 | BM7: =+AK$1*(AK7-AK6)/$AQ6 -> 0.075964763 | BN7: =+AL$1*(AL7-AL6)/$AQ6 -> 0.38066696 | ... BR7: =+AP$1*(AP7-AP6)/$AQ6 -> 0.092139159 | BS7: =+SUM(BG7:BR7) -> 2.9151876 | BT7: =100*(D7/D6-1) -> 2.5906973 | BV7: =+AS$1*(AS6-AS5)/$BE5 -> 0.21627734 | BW7: =+AT$1*(AT7-AT6)/$BE6 -> 0.062930502 | BX7: =+AU$1*(AU7-AU6)/$BE6 -> 0.13548969 | BY7: =+AV$1*(AV7-AV6)/$BE6 -> 0.86187757 | BZ7: =+AW$1*(AW7-AW6)/$BE6 -> 0.087193067 | CA7: =+AX$1*(AX7-AX6)/$BE6 -> 0.13646646 | CB7: =+AY$1*(AY7-AY6)/$BE6 -> 0.10318867 | CC7: =+AZ$1*(AZ7-AZ6)/$BE6 -> 0.34237292 | CD7: =+BA$1*(BA7-BA6)/$BE6 -> 0.26652887 | ... CG7: =+BD$1*(BD7-BD6)/$BE6 -> 0.12882123 | CH7: =+SUM(BV7:CG7) -> 2.6573604 | CI7: =100*(H7/H6-1) -> 2.4753143 | CK7: =+BG7-BV8 -> 0.42293921 | CL7: =+BH7-BW7 -> 0.013776536 | CM7: =+BI7-BX7 -> 0.024658534 | CN7: =+BJ7-BY7 -> 0.05524386 | CO7: =+BK7-BZ7 -> -0.032888668 | CP7: =+BL7-CA7 -> -0.053549881 | CQ7: =+BM7-CB7 -> -0.027223911 | CR7: =+BN7-CC7 -> 0.038294036 | CS7: =+BO7-CD7 -> -0.069150775 | ... CX7: =+BT7-CI7 -> 0.11538302
A8: =+'Indice PondENGHO'!A7 -> 42856 | B8: =+'Indice PondENGHO'!B7 -> 5 | C8: =+'Indice PondENGHO'!C7 -> 2017 | D8: =+'Indice PondENGHO'!BL7 -> 109.86201 | E8: =+'Indice PondENGHO'!BM7 -> 109.96264 | F8: =+'Indice PondENGHO'!BN7 -> 109.95909 | G8: =+'Indice PondENGHO'!BO7 -> 109.89157 | H8: =+'Indice PondENGHO'!BP7 -> 109.97687 | I8: =+'Indice PondENGHO'!CD7 -> 109.93848 | K8: =100*D$1*(D8-D7)/$I7 -> 0.24917351 | L8: =100*E$1*(E8-E7)/$I7 -> 0.30585651 | M8: =100*F$1*(F8-F7)/$I7 -> 0.34107742 | N8: =100*G$1*(G8-G7)/$I7 -> 0.41662901 | O8: =100*H$1*(H8-H7)/$I7 -> 0.59142234 | P8: =+SUM(K8:O8) -> 1.9041588 | Q8: =100*(I8/I7-1) -> 1.9041991 | S8: =+'Indice PondENGHO'!D7 -> 107.56224 | T8: =+'Indice PondENGHO'!P7 -> 107.48646 | U8: =+'Indice PondENGHO'!AB7 -> 107.44383 | V8: =+'Indice PondENGHO'!AN7 -> 107.4363 | W8: =+'Indice PondENGHO'!AZ7 -> 107.41988 | Y8: =+S$1*(S8-S7)/D7 -> 0.87262401 | Z8: =+T$1*(T8-T7)/E7 -> 0.70225914 | AA8: =+U$1*(U8-U7)/F7 -> 0.64661274 | AB8: =+V$1*(V8-V7)/G7 -> 0.54090344 | AC8: =+W$1*(W8-W7)/H7 -> 0.40411462 | AE8: =+'Indice PondENGHO'!D7 -> 107.56224 | AF8: =+'Indice PondENGHO'!E7 -> 111.66264 | AG8: =+'Indice PondENGHO'!F7 -> 109.13326 | AH8: =+'Indice PondENGHO'!G7 -> 120.7638 | AI8: =+'Indice PondENGHO'!H7 -> 107.61269 | AJ8: =+'Indice PondENGHO'!I7 -> 111.09176 | AK8: =+'Indice PondENGHO'!J7 -> 107.2245 | AL8: =+'Indice PondENGHO'!K7 -> 117.01331 | ... AP8: =+'Indice PondENGHO'!O7 -> 111.24797 | AQ8: =+D8 -> 109.86201 | AS8: =+'Indice PondENGHO'!AZ7 -> 107.41988 | AT8: =+'Indice PondENGHO'!BA7 -> 111.6899 | AU8: =+'Indice PondENGHO'!BB7 -> 109.14248 | AV8: =+'Indice PondENGHO'!BC7 -> 119.11395 | AW8: =+'Indice PondENGHO'!BD7 -> 107.48705 | AX8: =+'Indice PondENGHO'!BE7 -> 110.48544 | AY8: =+'Indice PondENGHO'!BF7 -> 106.95251 | AZ8: =+'Indice PondENGHO'!BG7 -> 116.47909 | ... BD8: =+'Indice PondENGHO'!BK7 -> 111.49162 | BE8: =+H8 -> 109.97687 | BG8: =+AE$1*(AE8-AE7)/$AQ7 -> 0.87262401 | BH8: =+AF$1*(AF8-AF7)/$AQ7 -> 0.053698349 | BI8: =+AG$1*(AG8-AG7)/$AQ7 -> 0.14351921 | BJ8: =+AH$1*(AH8-AH7)/$AQ7 -> 0.29014639 | BK8: =+AI$1*(AI8-AI7)/$AQ7 -> 0.11035465 | BL8: =+AJ$1*(AJ8-AJ7)/$AQ7 -> 0.066824033 | BM8: =+AK$1*(AK8-AK7)/$AQ7 -> 0.10793562 | BN8: =+AL$1*(AL8-AL7)/$AQ7 -> 0.058445646 | ... BR8: =+AP$1*(AP8-AP7)/$AQ7 -> 0.076520787 | BS8: =+SUM(BG8:BR8) -> 1.9633651 | BT8: =100*(D8/D7-1) -> 2.0444488 | BV8: =+AS$1*(AS7-AS6)/$BE6 -> 0.31474925 | BW8: =+AT$1*(AT8-AT7)/$BE7 -> 0.045580388 | BX8: =+AU$1*(AU8-AU7)/$BE7 -> 0.099864177 | BY8: =+AV$1*(AV8-AV7)/$BE7 -> 0.29381189 | BZ8: =+AW$1*(AW8-AW7)/$BE7 -> 0.19034886 | CA8: =+AX$1*(AX8-AX7)/$BE7 -> 0.12133352 | CB8: =+AY$1*(AY8-AY7)/$BE7 -> 0.1382769 | CC8: =+AZ$1*(AZ8-AZ7)/$BE7 -> 0.042490997 | CD8: =+BA$1*(BA8-BA7)/$BE7 -> 0.082708315 | ... CG8: =+BD$1*(BD8-BD7)/$BE7 -> 0.10912007 | CH8: =+SUM(BV8:CG8) -> 1.6761807 | CI8: =100*(H8/H7-1) -> 1.8280376 | CK8: =+BG8-BV9 -> 0.46850939 | CL8: =+BH8-BW8 -> 0.008117961 | CM8: =+BI8-BX8 -> 0.043655032 | CN8: =+BJ8-BY8 -> -0.0036655033 | CO8: =+BK8-BZ8 -> -0.079994211 | CP8: =+BL8-CA8 -> -0.054509482 | CQ8: =+BM8-CB8 -> -0.030341275 | CR8: =+BN8-CC8 -> 0.015954648 | CS8: =+BO8-CD8 -> -0.024865034 | ... CX8: =+BT8-CI8 -> 0.21641118
A9: =+'Indice PondENGHO'!A8 -> 42887 | B9: =+'Indice PondENGHO'!B8 -> 6 | C9: =+'Indice PondENGHO'!C8 -> 2017 | D9: =+'Indice PondENGHO'!BL8 -> 111.70587 | E9: =+'Indice PondENGHO'!BM8 -> 111.75687 | F9: =+'Indice PondENGHO'!BN8 -> 111.7476 | G9: =+'Indice PondENGHO'!BO8 -> 111.64268 | H9: =+'Indice PondENGHO'!BP8 -> 111.7214 | I9: =+'Indice PondENGHO'!CD8 -> 111.71211 | K9: =100*D$1*(D9-D8)/$I8 -> 0.20483511 | L9: =100*E$1*(E9-E8)/$I8 -> 0.25332828 | M9: =100*F$1*(F9-F8)/$I8 -> 0.28748795 | N9: =100*G$1*(G9-G8)/$I8 -> 0.35480835 | O9: =100*H$1*(H9-H8)/$I8 -> 0.51281996 | P9: =+SUM(K9:O9) -> 1.6132796 | Q9: =100*(I9/I8-1) -> 1.6132986 | S9: =+'Indice PondENGHO'!D8 -> 109.82121 | T9: =+'Indice PondENGHO'!P8 -> 109.76816 | U9: =+'Indice PondENGHO'!AB8 -> 109.75203 | V9: =+'Indice PondENGHO'!AN8 -> 109.77256 | W9: =+'Indice PondENGHO'!AZ8 -> 109.83669 | Y9: =+S$1*(S9-S8)/D8 -> 0.70887196 | Z9: =+T$1*(T9-T8)/E8 -> 0.57464462 | AA9: =+U$1*(U9-U8)/F8 -> 0.53267348 | AB9: =+V$1*(V9-V8)/G8 -> 0.4481678 | AC9: =+W$1*(W9-W8)/H8 -> 0.34498417 | AE9: =+'Indice PondENGHO'!D8 -> 109.82121 | AF9: =+'Indice PondENGHO'!E8 -> 113.23004 | AG9: =+'Indice PondENGHO'!F8 -> 110.39194 | AH9: =+'Indice PondENGHO'!G8 -> 122.76114 | AI9: =+'Indice PondENGHO'!H8 -> 108.65285 | AJ9: =+'Indice PondENGHO'!I8 -> 112.79504 | AK9: =+'Indice PondENGHO'!J8 -> 108.34583 | AL9: =+'Indice PondENGHO'!K8 -> 118.17313 | ... AP9: =+'Indice PondENGHO'!O8 -> 113.34226 | AQ9: =+D9 -> 111.70587 | AS9: =+'Indice PondENGHO'!AZ8 -> 109.83669 | AT9: =+'Indice PondENGHO'!BA8 -> 113.07393 | AU9: =+'Indice PondENGHO'!BB8 -> 110.27806 | AV9: =+'Indice PondENGHO'!BC8 -> 121.30479 | AW9: =+'Indice PondENGHO'!BD8 -> 108.69237 | AX9: =+'Indice PondENGHO'!BE8 -> 112.05512 | AY9: =+'Indice PondENGHO'!BF8 -> 107.67905 | AZ9: =+'Indice PondENGHO'!BG8 -> 117.79836 | ... BD9: =+'Indice PondENGHO'!BK8 -> 113.56168 | BE9: =+H9 -> 111.7214 | BG9: =+AE$1*(AE9-AE8)/$AQ8 -> 0.70887196 | BH9: =+AF$1*(AF9-AF8)/$AQ8 -> 0.031724435 | BI9: =+AG$1*(AG9-AG8)/$AQ8 -> 0.091567229 | BJ9: =+AH$1*(AH9-AH8)/$AQ8 -> 0.2580024 | BK9: =+AI$1*(AI9-AI8)/$AQ8 -> 0.039001466 | BL9: =+AJ$1*(AJ9-AJ8)/$AQ8 -> 0.064892834 | BM9: =+AK$1*(AK9-AK8)/$AQ8 -> 0.10603648 | BN9: =+AL$1*(AL9-AL8)/$AQ8 -> 0.052951366 | ... BR9: =+AP$1*(AP9-AP8)/$AQ8 -> 0.069944372 | BS9: =+SUM(BG9:BR9) -> 1.6761817 | BT9: =100*(D9/D8-1) -> 1.6783459 | BV9: =+AS$1*(AS8-AS7)/$BE7 -> 0.40411462 | BW9: =+AT$1*(AT9-AT8)/$BE8 -> 0.023160688 | BX9: =+AU$1*(AU9-AU8)/$BE8 -> 0.061640109 | BY9: =+AV$1*(AV9-AV8)/$BE8 -> 0.29123408 | BZ9: =+AW$1*(AW9-AW8)/$BE8 -> 0.076667334 | CA9: =+AX$1*(AX9-AX8)/$BE8 -> 0.11413378 | CB9: =+AY$1*(AY9-AY8)/$BE8 -> 0.10335448 | CC9: =+AZ$1*(AZ9-AZ8)/$BE8 -> 0.054649025 | CD9: =+BA$1*(BA9-BA8)/$BE8 -> 0.23435694 | ... CG9: =+BD$1*(BD9-BD8)/$BE8 -> 0.094264839 | CH9: =+SUM(BV9:CG9) -> 1.6587355 | CI9: =100*(H9/H8-1) -> 1.5862697 | CK9: =+BG9-BV10 -> 0.36388779 | CL9: =+BH9-BW9 -> 0.0085637473 | CM9: =+BI9-BX9 -> 0.029927121 | CN9: =+BJ9-BY9 -> -0.033231674 | CO9: =+BK9-BZ9 -> -0.037665868 | CP9: =+BL9-CA9 -> -0.04924095 | CQ9: =+BM9-CB9 -> 0.0026819983 | CR9: =+BN9-CC9 -> -0.0016976592 | CS9: =+BO9-CD9 -> -0.068029182 | ... CX9: =+BT9-CI9 -> 0.092076157
A10: =+'Indice PondENGHO'!A9 -> 42917 | B10: =+'Indice PondENGHO'!B9 -> 7 | C10: =+'Indice PondENGHO'!C9 -> 2017 | D10: =+'Indice PondENGHO'!BL9 -> 113.98283 | E10: =+'Indice PondENGHO'!BM9 -> 114.1159 | F10: =+'Indice PondENGHO'!BN9 -> 114.17135 | G10: =+'Indice PondENGHO'!BO9 -> 114.08591 | H10: =+'Indice PondENGHO'!BP9 -> 114.24497 | I10: =+'Indice PondENGHO'!CD9 -> 114.14445 | K10: =100*D$1*(D10-D9)/$I9 -> 0.24893198 | L10: =100*E$1*(E10-E9)/$I9 -> 0.32778521 | M10: =100*F$1*(F10-F9)/$I9 -> 0.38341026 | N10: =100*G$1*(G10-G9)/$I9 -> 0.48718267 | O10: =100*H$1*(H10-H9)/$I9 -> 0.73004929 | P10: =+SUM(K10:O10) -> 2.1773594 | Q10: =100*(I10/I9-1) -> 2.1773242 | S10: =+'Indice PondENGHO'!D9 -> 111.87272 | T10: =+'Indice PondENGHO'!P9 -> 111.85422 | U10: =+'Indice PondENGHO'!AB9 -> 111.86242 | V10: =+'Indice PondENGHO'!AN9 -> 111.88102 | W10: =+'Indice PondENGHO'!AZ9 -> 111.95671 | Y10: =+S$1*(S10-S9)/D9 -> 0.63314218 | Z10: =+T$1*(T10-T9)/E9 -> 0.51693796 | AA10: =+U$1*(U10-U9)/F9 -> 0.47922976 | AB10: =+V$1*(V10-V9)/G9 -> 0.39812479 | AC10: =+W$1*(W10-W9)/H9 -> 0.29789373 | AE10: =+'Indice PondENGHO'!D9 -> 111.87272 | AF10: =+'Indice PondENGHO'!E9 -> 117.20149 | AG10: =+'Indice PondENGHO'!F9 -> 111.47215 | AH10: =+'Indice PondENGHO'!G9 -> 125.07801 | AI10: =+'Indice PondENGHO'!H9 -> 110.44017 | AJ10: =+'Indice PondENGHO'!I9 -> 116.40586 | AK10: =+'Indice PondENGHO'!J9 -> 110.79775 | AL10: =+'Indice PondENGHO'!K9 -> 120.91595 | ... AP10: =+'Indice PondENGHO'!O9 -> 114.77159 | AQ10: =+D10 -> 113.98283 | AS10: =+'Indice PondENGHO'!AZ9 -> 111.95671 | AT10: =+'Indice PondENGHO'!BA9 -> 117.11752 | AU10: =+'Indice PondENGHO'!BB9 -> 111.42112 | AV10: =+'Indice PondENGHO'!BC9 -> 123.86968 | AW10: =+'Indice PondENGHO'!BD9 -> 110.42879 | AX10: =+'Indice PondENGHO'!BE9 -> 115.86716 | AY10: =+'Indice PondENGHO'!BF9 -> 109.92497 | AZ10: =+'Indice PondENGHO'!BG9 -> 120.50826 | ... BD10: =+'Indice PondENGHO'!BK9 -> 115.07533 | BE10: =+H10 -> 114.24497 | BG10: =+AE$1*(AE10-AE9)/$AQ9 -> 0.63314218 | BH10: =+AF$1*(AF10-AF9)/$AQ9 -> 0.0790557 | BI10: =+AG$1*(AG10-AG9)/$AQ9 -> 0.077286353 | BJ10: =+AH$1*(AH10-AH9)/$AQ9 -> 0.29433766 | BK10: =+AI$1*(AI10-AI9)/$AQ9 -> 0.065910541 | BL10: =+AJ$1*(AJ10-AJ9)/$AQ9 -> 0.13529733 | BM10: =+AK$1*(AK10-AK9)/$AQ9 -> 0.22803394 | BN10: =+AL$1*(AL10-AL9)/$AQ9 -> 0.12315593 | ... BR10: =+AP$1*(AP10-AP9)/$AQ9 -> 0.04694824 | BS10: =+SUM(BG10:BR10) -> 2.0767073 | BT10: =100*(D10/D9-1) -> 2.0383551 | BV10: =+AS$1*(AS9-AS8)/$BE8 -> 0.34498417 | BW10: =+AT$1*(AT10-AT9)/$BE9 -> 0.066609579 | BX10: =+AU$1*(AU10-AU9)/$BE9 -> 0.061077107 | BY10: =+AV$1*(AV10-AV9)/$BE9 -> 0.33563512 | BZ10: =+AW$1*(AW10-AW9)/$BE9 -> 0.10872553 | CA10: =+AX$1*(AX10-AX9)/$BE9 -> 0.2728494 | CB10: =+AY$1*(AY10-AY9)/$BE9 -> 0.3145027 | CC10: =+AZ$1*(AZ10-AZ9)/$BE9 -> 0.11050047 | CD10: =+BA$1*(BA10-BA9)/$BE9 -> 0.35031912 | ... CG10: =+BD$1*(BD10-BD9)/$BE9 -> 0.067851087 | CH10: =+SUM(BV10:CG10) -> 2.3107777 | CI10: =100*(H10/H9-1) -> 2.2588107 | CK10: =+BG10-BV11 -> 0.33524845 | CL10: =+BH10-BW10 -> 0.012446121 | CM10: =+BI10-BX10 -> 0.016209246 | CN10: =+BJ10-BY10 -> -0.041297457 | CO10: =+BK10-BZ10 -> -0.042814987 | CP10: =+BL10-CA10 -> -0.13755207 | CQ10: =+BM10-CB10 -> -0.08646876 | CR10: =+BN10-CC10 -> 0.012655455 | CS10: =+BO10-CD10 -> -0.08519592 | ... CX10: =+BT10-CI10 -> -0.2204556
A11: =+'Indice PondENGHO'!A10 -> 42948 | B11: =+'Indice PondENGHO'!B10 -> 8 | C11: =+'Indice PondENGHO'!C10 -> 2017 | D11: =+'Indice PondENGHO'!BL10 -> 115.63741 | E11: =+'Indice PondENGHO'!BM10 -> 115.78846 | F11: =+'Indice PondENGHO'!BN10 -> 115.86359 | G11: =+'Indice PondENGHO'!BO10 -> 115.7514 | H11: =+'Indice PondENGHO'!BP10 -> 115.8847 | I11: =+'Indice PondENGHO'!CD10 -> 115.80611 | K11: =100*D$1*(D11-D10)/$I10 -> 0.17703449 | L11: =100*E$1*(E11-E10)/$I10 -> 0.22744856 | M11: =100*F$1*(F11-F10)/$I10 -> 0.26198947 | N11: =100*G$1*(G11-G10)/$I10 -> 0.32502457 | O11: =100*H$1*(H11-H10)/$I10 -> 0.4642527 | P11: =+SUM(K11:O11) -> 1.4557498 | Q11: =100*(I11/I10-1) -> 1.4557513 | S11: =+'Indice PondENGHO'!D10 -> 113.92788 | T11: =+'Indice PondENGHO'!P10 -> 114.02769 | U11: =+'Indice PondENGHO'!AB10 -> 114.11539 | V11: =+'Indice PondENGHO'!AN10 -> 114.17298 | W11: =+'Indice PondENGHO'!AZ10 -> 114.31363 | Y11: =+S$1*(S11-S10)/D10 -> 0.62159963 | Z11: =+T$1*(T11-T10)/E10 -> 0.52746647 | AA11: =+U$1*(U11-U10)/F10 -> 0.50074736 | AB11: =+V$1*(V11-V10)/G10 -> 0.42350602 | AC11: =+W$1*(W11-W10)/H10 -> 0.32386619 | AE11: =+'Indice PondENGHO'!D10 -> 113.92788 | AF11: =+'Indice PondENGHO'!E10 -> 119.41688 | AG11: =+'Indice PondENGHO'!F10 -> 111.48376 | AH11: =+'Indice PondENGHO'!G10 -> 127.60696 | AI11: =+'Indice PondENGHO'!H10 -> 111.23627 | AJ11: =+'Indice PondENGHO'!I10 -> 119.20448 | AK11: =+'Indice PondENGHO'!J10 -> 111.92924 | AL11: =+'Indice PondENGHO'!K10 -> 123.7279 | ... AP11: =+'Indice PondENGHO'!O10 -> 115.4937 | AQ11: =+D11 -> 115.63741 | AS11: =+'Indice PondENGHO'!AZ10 -> 114.31363 | AT11: =+'Indice PondENGHO'!BA10 -> 119.25137 | AU11: =+'Indice PondENGHO'!BB10 -> 111.54961 | AV11: =+'Indice PondENGHO'!BC10 -> 126.69509 | AW11: =+'Indice PondENGHO'!BD10 -> 111.35432 | AX11: =+'Indice PondENGHO'!BE10 -> 118.88123 | AY11: =+'Indice PondENGHO'!BF10 -> 111.14497 | AZ11: =+'Indice PondENGHO'!BG10 -> 123.64109 | ... BD11: =+'Indice PondENGHO'!BK10 -> 115.41821 | BE11: =+H11 -> 115.8847 | BG11: =+AE$1*(AE11-AE10)/$AQ10 -> 0.62159963 | BH11: =+AF$1*(AF11-AF10)/$AQ10 -> 0.043218516 | BI11: =+AG$1*(AG11-AG10)/$AQ10 -> 0.00081474559 | BJ11: =+AH$1*(AH11-AH10)/$AQ10 -> 0.31486178 | BK11: =+AI$1*(AI11-AI10)/$AQ10 -> 0.02877123 | BL11: =+AJ$1*(AJ11-AJ10)/$AQ10 -> 0.10276936 | BM11: =+AK$1*(AK11-AK10)/$AQ10 -> 0.10312848 | BN11: =+AL$1*(AL11-AL10)/$AQ10 -> 0.12373773 | ... BR11: =+AP$1*(AP11-AP10)/$AQ10 -> 0.023244767 | BS11: =+SUM(BG11:BR11) -> 1.5150101 | BT11: =100*(D11/D10-1) -> 1.4516038 | BV11: =+AS$1*(AS10-AS9)/$BE9 -> 0.29789373 | BW11: =+AT$1*(AT11-AT10)/$BE10 -> 0.034374239 | BX11: =+AU$1*(AU11-AU10)/$BE10 -> 0.00671378 | BY11: =+AV$1*(AV11-AV10)/$BE10 -> 0.36155825 | BZ11: =+AW$1*(AW11-AW10)/$BE10 -> 0.056671465 | CA11: =+AX$1*(AX11-AX10)/$BE10 -> 0.2109695 | CB11: =+AY$1*(AY11-AY10)/$BE10 -> 0.16706673 | CC11: =+AZ$1*(AZ11-AZ10)/$BE10 -> 0.12492488 | CD11: =+BA$1*(BA11-BA10)/$BE10 -> 0.048762159 | ... CG11: =+BD$1*(BD11-BD10)/$BE10 -> 0.015030163 | CH11: =+SUM(BV11:CG11) -> 1.465592 | CI11: =100*(H11/H10-1) -> 1.4352775 | CK11: =+BG11-BV12 -> 0.29773344 | CL11: =+BH11-BW11 -> 0.0088442764 | CM11: =+BI11-BX11 -> -0.0058990344 | CN11: =+BJ11-BY11 -> -0.046696464 | CO11: =+BK11-BZ11 -> -0.027900235 | CP11: =+BL11-CA11 -> -0.10820014 | CQ11: =+BM11-CB11 -> -0.063938244 | CR11: =+BN11-CC11 -> -0.001187151 | CS11: =+BO11-CD11 -> 0.034363841 | ... CX11: =+BT11-CI11 -> 0.016326331
A12: =+'Indice PondENGHO'!A11 -> 42979 | B12: =+'Indice PondENGHO'!B11 -> 9 | C12: =+'Indice PondENGHO'!C11 -> 2017 | D12: =+'Indice PondENGHO'!BL11 -> 117.16096 | E12: =+'Indice PondENGHO'!BM11 -> 117.3624 | F12: =+'Indice PondENGHO'!BN11 -> 117.51451 | G12: =+'Indice PondENGHO'!BO11 -> 117.40309 | H12: =+'Indice PondENGHO'!BP11 -> 117.58843 | I12: =+'Indice PondENGHO'!CD11 -> 117.44674 | K12: =100*D$1*(D12-D11)/$I11 -> 0.16067597 | L12: =100*E$1*(E12-E11)/$I11 -> 0.21096659 | M12: =100*F$1*(F12-F11)/$I11 -> 0.25192601 | N12: =100*G$1*(G12-G11)/$I11 -> 0.31770761 | O12: =100*H$1*(H12-H11)/$I11 -> 0.47545015 | P12: =+SUM(K12:O12) -> 1.4167263 | Q12: =100*(I12/I11-1) -> 1.4167065 | S12: =+'Indice PondENGHO'!D11 -> 115.58742 | T12: =+'Indice PondENGHO'!P11 -> 115.68148 | U12: =+'Indice PondENGHO'!AB11 -> 115.72702 | V12: =+'Indice PondENGHO'!AN11 -> 115.75611 | W12: =+'Indice PondENGHO'!AZ11 -> 115.89393 | Y12: =+S$1*(S12-S11)/D11 -> 0.4947586 | Z12: =+T$1*(T12-T11)/E11 -> 0.39554863 | AA12: =+U$1*(U12-U11)/F11 -> 0.35296899 | AB12: =+V$1*(V12-V11)/G11 -> 0.28831985 | AC12: =+W$1*(W12-W11)/H11 -> 0.2140777 | AE12: =+'Indice PondENGHO'!D11 -> 115.58742 | AF12: =+'Indice PondENGHO'!E11 -> 119.55397 | AG12: =+'Indice PondENGHO'!F11 -> 111.56204 | AH12: =+'Indice PondENGHO'!G11 -> 130.02391 | AI12: =+'Indice PondENGHO'!H11 -> 111.74674 | AJ12: =+'Indice PondENGHO'!I11 -> 122.0097 | AK12: =+'Indice PondENGHO'!J11 -> 112.7004 | AL12: =+'Indice PondENGHO'!K11 -> 125.10906 | ... AP12: =+'Indice PondENGHO'!O11 -> 116.52854 | AQ12: =+D12 -> 117.16096 | AS12: =+'Indice PondENGHO'!AZ11 -> 115.89393 | AT12: =+'Indice PondENGHO'!BA11 -> 119.29476 | AU12: =+'Indice PondENGHO'!BB11 -> 111.70132 | AV12: =+'Indice PondENGHO'!BC11 -> 129.08296 | AW12: =+'Indice PondENGHO'!BD11 -> 111.93545 | AX12: =+'Indice PondENGHO'!BE11 -> 121.82199 | AY12: =+'Indice PondENGHO'!BF11 -> 112.06448 | AZ12: =+'Indice PondENGHO'!BG11 -> 124.83382 | ... BD12: =+'Indice PondENGHO'!BK11 -> 116.535 | BE12: =+H12 -> 117.58843 | BG12: =+AE$1*(AE12-AE11)/$AQ11 -> 0.4947586 | BH12: =+AF$1*(AF12-AF11)/$AQ11 -> 0.0026361834 | BI12: =+AG$1*(AG12-AG11)/$AQ11 -> 0.0054101656 | BJ12: =+AH$1*(AH12-AH11)/$AQ11 -> 0.2966128 | BK12: =+AI$1*(AI12-AI11)/$AQ11 -> 0.018184342 | BL12: =+AJ$1*(AJ12-AJ11)/$AQ11 -> 0.10153777 | BM12: =+AK$1*(AK12-AK11)/$AQ11 -> 0.069281555 | BN12: =+AL$1*(AL12-AL11)/$AQ11 -> 0.059907466 | ... BR12: =+AP$1*(AP12-AP11)/$AQ11 -> 0.032835182 | BS12: =+SUM(BG12:BR12) -> 1.4091212 | BT12: =100*(D12/D11-1) -> 1.3175251 | BV12: =+AS$1*(AS11-AS10)/$BE10 -> 0.32386619 | BW12: =+AT$1*(AT12-AT11)/$BE11 -> 0.0006891755 | BX12: =+AU$1*(AU12-AU11)/$BE11 -> 0.0078155158 | BY12: =+AV$1*(AV12-AV11)/$BE11 -> 0.30124425 | BZ12: =+AW$1*(AW12-AW11)/$BE11 -> 0.035079507 | CA12: =+AX$1*(AX12-AX11)/$BE11 -> 0.20292505 | CB12: =+AY$1*(AY12-AY11)/$BE11 -> 0.12413581 | CC12: =+AZ$1*(AZ12-AZ11)/$BE11 -> 0.046888448 | CD12: =+BA$1*(BA12-BA11)/$BE11 -> 0.27204141 | ... CG12: =+BD$1*(BD12-BD11)/$BE11 -> 0.04826326 | CH12: =+SUM(BV12:CG12) -> 1.6754851 | CI12: =100*(H12/H11-1) -> 1.4701921 | CK12: =+BG12-BV13 -> 0.2806809 | CL12: =+BH12-BW12 -> 0.0019470079 | CM12: =+BI12-BX12 -> -0.0024053501 | CN12: =+BJ12-BY12 -> -0.0046314488 | CO12: =+BK12-BZ12 -> -0.016895165 | CP12: =+BL12-CA12 -> -0.10138728 | CQ12: =+BM12-CB12 -> -0.054854254 | CR12: =+BN12-CC12 -> 0.013019018 | CS12: =+BO12-CD12 -> -0.082012919 | ... CX12: =+BT12-CI12 -> -0.15266696
A13: =+'Indice PondENGHO'!A12 -> 43009 | B13: =+'Indice PondENGHO'!B12 -> 10 | C13: =+'Indice PondENGHO'!C12 -> 2017 | D13: =+'Indice PondENGHO'!BL12 -> 118.80712 | E13: =+'Indice PondENGHO'!BM12 -> 119.01253 | F13: =+'Indice PondENGHO'!BN12 -> 119.14206 | G13: =+'Indice PondENGHO'!BO12 -> 118.9776 | H13: =+'Indice PondENGHO'!BP12 -> 119.09608 | I13: =+'Indice PondENGHO'!CD12 -> 119.02953 | K13: =100*D$1*(D13-D12)/$I12 -> 0.17118087 | L13: =100*E$1*(E13-E12)/$I12 -> 0.2180878 | M13: =100*F$1*(F13-F12)/$I12 -> 0.24488947 | N13: =100*G$1*(G13-G12)/$I12 -> 0.29862987 | O13: =100*H$1*(H13-H12)/$I12 -> 0.41485305 | P13: =+SUM(K13:O13) -> 1.3476411 | Q13: =100*(I13/I12-1) -> 1.3476633 | S13: =+'Indice PondENGHO'!D12 -> 117.12006 | T13: =+'Indice PondENGHO'!P12 -> 117.17027 | U13: =+'Indice PondENGHO'!AB12 -> 117.15962 | V13: =+'Indice PondENGHO'!AN12 -> 117.15114 | W13: =+'Indice PondENGHO'!AZ12 -> 117.243 | Y13: =+S$1*(S13-S12)/D12 -> 0.45098412 | Z13: =+T$1*(T13-T12)/E12 -> 0.35131046 | AA13: =+U$1*(U13-U12)/F12 -> 0.30935231 | AB13: =+V$1*(V13-V12)/G12 -> 0.25048826 | AC13: =+W$1*(W13-W12)/H12 -> 0.18010666 | AE13: =+'Indice PondENGHO'!D12 -> 117.12006 | AF13: =+'Indice PondENGHO'!E12 -> 123.16584 | AG13: =+'Indice PondENGHO'!F12 -> 112.53708 | AH13: =+'Indice PondENGHO'!G12 -> 131.26573 | AI13: =+'Indice PondENGHO'!H12 -> 112.17809 | AJ13: =+'Indice PondENGHO'!I12 -> 123.40145 | AK13: =+'Indice PondENGHO'!J12 -> 114.26389 | AL13: =+'Indice PondENGHO'!K12 -> 132.64594 | ... AP13: =+'Indice PondENGHO'!O12 -> 117.70712 | AQ13: =+D13 -> 118.80712 | AS13: =+'Indice PondENGHO'!AZ12 -> 117.243 | AT13: =+'Indice PondENGHO'!BA12 -> 122.92917 | AU13: =+'Indice PondENGHO'!BB12 -> 112.6072 | AV13: =+'Indice PondENGHO'!BC12 -> 130.2823 | AW13: =+'Indice PondENGHO'!BD12 -> 112.37607 | AX13: =+'Indice PondENGHO'!BE12 -> 123.02489 | AY13: =+'Indice PondENGHO'!BF12 -> 113.46523 | AZ13: =+'Indice PondENGHO'!BG12 -> 132.38152 | ... BD13: =+'Indice PondENGHO'!BK12 -> 117.80017 | BE13: =+H13 -> 119.09608 | BG13: =+AE$1*(AE13-AE12)/$AQ12 -> 0.45098412 | BH13: =+AF$1*(AF13-AF12)/$AQ12 -> 0.068550267 | BI13: =+AG$1*(AG13-AG12)/$AQ12 -> 0.066513451 | BJ13: =+AH$1*(AH13-AH12)/$AQ12 -> 0.15041669 | BK13: =+AI$1*(AI13-AI12)/$AQ12 -> 0.015165884 | BL13: =+AJ$1*(AJ13-AJ12)/$AQ12 -> 0.049720564 | BM13: =+AK$1*(AK13-AK12)/$AQ12 -> 0.13863722 | BN13: =+AL$1*(AL13-AL12)/$AQ12 -> 0.32265778 | ... BR13: =+AP$1*(AP13-AP12)/$AQ12 -> 0.036909633 | BS13: =+SUM(BG13:BR13) -> 1.5050512 | BT13: =100*(D13/D12-1) -> 1.4050382 | BV13: =+AS$1*(AS12-AS11)/$BE11 -> 0.2140777 | BW13: =+AT$1*(AT13-AT12)/$BE12 -> 0.056882051 | BX13: =+AU$1*(AU13-AU12)/$BE12 -> 0.045988631 | BY13: =+AV$1*(AV13-AV12)/$BE12 -> 0.14911182 | BZ13: =+AW$1*(AW13-AW12)/$BE12 -> 0.026212672 | CA13: =+AX$1*(AX13-AX12)/$BE12 -> 0.081802921 | CB13: =+AY$1*(AY13-AY12)/$BE12 -> 0.18636322 | CC13: =+AZ$1*(AZ13-AZ12)/$BE12 -> 0.29241389 | CD13: =+BA$1*(BA13-BA12)/$BE12 -> 0.11387704 | ... CG13: =+BD$1*(BD13-BD12)/$BE12 -> 0.053882945 | CH13: =+SUM(BV13:CG13) -> 1.4038301 | CI13: =100*(H13/H12-1) -> 1.2821369 | CK13: =+BG13-BV14 -> 0.27087746 | CL13: =+BH13-BW13 -> 0.011668215 | CM13: =+BI13-BX13 -> 0.02052482 | CN13: =+BJ13-BY13 -> 0.0013048677 | CO13: =+BK13-BZ13 -> -0.011046788 | CP13: =+BL13-CA13 -> -0.032082357 | CQ13: =+BM13-CB13 -> -0.047726005 | CR13: =+BN13-CC13 -> 0.030243893 | CS13: =+BO13-CD13 -> -0.0024861666 | ... CX13: =+BT13-CI13 -> 0.12290132
A14: =+'Indice PondENGHO'!A13 -> 43040 | B14: =+'Indice PondENGHO'!B13 -> 11 | C14: =+'Indice PondENGHO'!C13 -> 2017 | D14: =+'Indice PondENGHO'!BL13 -> 120.70566 | E14: =+'Indice PondENGHO'!BM13 -> 120.91446 | F14: =+'Indice PondENGHO'!BN13 -> 121.03998 | G14: =+'Indice PondENGHO'!BO13 -> 120.87936 | H14: =+'Indice PondENGHO'!BP13 -> 120.91997 | I14: =+'Indice PondENGHO'!CD13 -> 120.90509 | K14: =100*D$1*(D14-D13)/$I13 -> 0.19480021 | L14: =100*E$1*(E14-E13)/$I13 -> 0.24802536 | M14: =100*F$1*(F14-F13)/$I13 -> 0.28177348 | N14: =100*G$1*(G14-G13)/$I13 -> 0.35590109 | O14: =100*H$1*(H14-H13)/$I13 -> 0.49519969 | P14: =+SUM(K14:O14) -> 1.5756998 | Q14: =100*(I14/I13-1) -> 1.5757137 | S14: =+'Indice PondENGHO'!D13 -> 119.28683 | T14: =+'Indice PondENGHO'!P13 -> 119.33332 | U14: =+'Indice PondENGHO'!AB13 -> 119.31498 | V14: =+'Indice PondENGHO'!AN13 -> 119.29091 | W14: =+'Indice PondENGHO'!AZ13 -> 119.37105 | Y14: =+S$1*(S14-S13)/D13 -> 0.62874784 | Z14: =+T$1*(T14-T13)/E13 -> 0.50333759 | AA14: =+U$1*(U14-U13)/F13 -> 0.4590643 | AB14: =+V$1*(V14-V13)/G13 -> 0.37912833 | AC14: =+W$1*(W14-W13)/H13 -> 0.28050548 | AE14: =+'Indice PondENGHO'!D13 -> 119.28683 | AF14: =+'Indice PondENGHO'!E13 -> 123.90735 | AG14: =+'Indice PondENGHO'!F13 -> 114.2287 | AH14: =+'Indice PondENGHO'!G13 -> 133.02287 | AI14: =+'Indice PondENGHO'!H13 -> 113.32578 | AJ14: =+'Indice PondENGHO'!I13 -> 124.97242 | AK14: =+'Indice PondENGHO'!J13 -> 117.56408 | AL14: =+'Indice PondENGHO'!K13 -> 133.90308 | ... AP14: =+'Indice PondENGHO'!O13 -> 118.49615 | AQ14: =+D14 -> 120.70566 | AS14: =+'Indice PondENGHO'!AZ13 -> 119.37105 | AT14: =+'Indice PondENGHO'!BA13 -> 123.73928 | AU14: =+'Indice PondENGHO'!BB13 -> 114.43318 | AV14: =+'Indice PondENGHO'!BC13 -> 131.79195 | AW14: =+'Indice PondENGHO'!BD13 -> 113.34856 | AX14: =+'Indice PondENGHO'!BE13 -> 124.60217 | AY14: =+'Indice PondENGHO'!BF13 -> 116.86986 | AZ14: =+'Indice PondENGHO'!BG13 -> 133.59508 | ... BD14: =+'Indice PondENGHO'!BK13 -> 118.56157 | BE14: =+H14 -> 120.91997 | BG14: =+AE$1*(AE14-AE13)/$AQ13 -> 0.62874784 | BH14: =+AF$1*(AF14-AF13)/$AQ13 -> 0.013878216 | BI14: =+AG$1*(AG14-AG13)/$AQ13 -> 0.11379726 | BJ14: =+AH$1*(AH14-AH13)/$AQ13 -> 0.20988627 | BK14: =+AI$1*(AI14-AI13)/$AQ13 -> 0.039793294 | BL14: =+AJ$1*(AJ14-AJ13)/$AQ13 -> 0.055345699 | BM14: =+AK$1*(AK14-AK13)/$AQ13 -> 0.28858001 | BN14: =+AL$1*(AL14-AL13)/$AQ13 -> 0.053073222 | ... BR14: =+AP$1*(AP14-AP13)/$AQ13 -> 0.024367505 | BS14: =+SUM(BG14:BR14) -> 1.6046755 | BT14: =100*(D14/D13-1) -> 1.5979991 | BV14: =+AS$1*(AS13-AS12)/$BE12 -> 0.18010666 | BW14: =+AT$1*(AT14-AT13)/$BE13 -> 0.012518546 | BX14: =+AU$1*(AU14-AU13)/$BE13 -> 0.091526127 | BY14: =+AV$1*(AV14-AV13)/$BE13 -> 0.18531519 | BZ14: =+AW$1*(AW14-AW13)/$BE13 -> 0.057121322 | CA14: =+AX$1*(AX14-AX13)/$BE13 -> 0.10590424 | CB14: =+AY$1*(AY14-AY13)/$BE13 -> 0.44723891 | CC14: =+AZ$1*(AZ14-AZ13)/$BE13 -> 0.046420839 | CD14: =+BA$1*(BA14-BA13)/$BE13 -> 0.060811413 | ... CG14: =+BD$1*(BD14-BD13)/$BE13 -> 0.032017134 | CH14: =+SUM(BV14:CG14) -> 1.4417533 | CI14: =100*(H14/H13-1) -> 1.5314448 | CK14: =+BG14-BV15 -> 0.34824236 | CL14: =+BH14-BW14 -> 0.0013596702 | CM14: =+BI14-BX14 -> 0.022271132 | CN14: =+BJ14-BY14 -> 0.02457108 | CO14: =+BK14-BZ14 -> -0.017328028 | CP14: =+BL14-CA14 -> -0.050558544 | CQ14: =+BM14-CB14 -> -0.1586589 | CR14: =+BN14-CC14 -> 0.0066523831 | CS14: =+BO14-CD14 -> 0.0049269264 | ... CX14: =+BT14-CI14 -> 0.066554254
A15: =+'Indice PondENGHO'!A14 -> 43070 | B15: =+'Indice PondENGHO'!B14 -> 12 | C15: =+'Indice PondENGHO'!C14 -> 2017 | D15: =+'Indice PondENGHO'!BL14 -> 124.22261 | E15: =+'Indice PondENGHO'!BM14 -> 124.74165 | F15: =+'Indice PondENGHO'!BN14 -> 124.95776 | G15: =+'Indice PondENGHO'!BO14 -> 124.85496 | H15: =+'Indice PondENGHO'!BP14 -> 125.11205 | I15: =+'Indice PondENGHO'!CD14 -> 124.86128 | K15: =100*D$1*(D15-D14)/$I14 -> 0.3552606 | L15: =100*E$1*(E15-E14)/$I14 -> 0.49135091 | M15: =100*F$1*(F15-F14)/$I14 -> 0.57262895 | N15: =100*G$1*(G15-G14)/$I14 -> 0.73246585 | O15: =100*H$1*(H15-H14)/$I14 -> 1.1205236 | P15: =+SUM(K15:O15) -> 3.2722299 | Q15: =100*(I15/I14-1) -> 3.2721468 | S15: =+'Indice PondENGHO'!D14 -> 120.36917 | T15: =+'Indice PondENGHO'!P14 -> 120.37903 | U15: =+'Indice PondENGHO'!AB14 -> 120.32045 | V15: =+'Indice PondENGHO'!AN14 -> 120.27429 | W15: =+'Indice PondENGHO'!AZ14 -> 120.31995 | Y15: =+S$1*(S15-S14)/D14 -> 0.30912853 | Z15: =+T$1*(T15-T14)/E14 -> 0.23950688 | AA15: =+U$1*(U15-U14)/F14 -> 0.21079472 | AB15: =+V$1*(V15-V14)/G14 -> 0.17149635 | AC15: =+W$1*(W15-W14)/H14 -> 0.12319124 | AE15: =+'Indice PondENGHO'!D14 -> 120.36917 | AF15: =+'Indice PondENGHO'!E14 -> 123.73631 | AG15: =+'Indice PondENGHO'!F14 -> 116.41912 | AH15: =+'Indice PondENGHO'!G14 -> 155.42206 | AI15: =+'Indice PondENGHO'!H14 -> 117.06754 | AJ15: =+'Indice PondENGHO'!I14 -> 127.71626 | AK15: =+'Indice PondENGHO'!J14 -> 121.3829 | AL15: =+'Indice PondENGHO'!K14 -> 134.00992 | ... AP15: =+'Indice PondENGHO'!O14 -> 119.84957 | AQ15: =+D15 -> 124.22261 | AS15: =+'Indice PondENGHO'!AZ14 -> 120.31995 | AT15: =+'Indice PondENGHO'!BA14 -> 123.70888 | AU15: =+'Indice PondENGHO'!BB14 -> 116.75282 | AV15: =+'Indice PondENGHO'!BC14 -> 155.16562 | AW15: =+'Indice PondENGHO'!BD14 -> 117.49355 | AX15: =+'Indice PondENGHO'!BE14 -> 127.79058 | AY15: =+'Indice PondENGHO'!BF14 -> 120.73186 | AZ15: =+'Indice PondENGHO'!BG14 -> 134.12949 | ... BD15: =+'Indice PondENGHO'!BK14 -> 119.9267 | BE15: =+H15 -> 125.11205 | BG15: =+AE$1*(AE15-AE14)/$AQ14 -> 0.30912853 | BH15: =+AF$1*(AF15-AF14)/$AQ14 -> -0.0031507889 | BI15: =+AG$1*(AG15-AG14)/$AQ14 -> 0.14503462 | BJ15: =+AH$1*(AH15-AH14)/$AQ14 -> 2.6334462 | BK15: =+AI$1*(AI15-AI14)/$AQ14 -> 0.12769593 | BL15: =+AJ$1*(AJ15-AJ14)/$AQ14 -> 0.095145989 | BM15: =+AK$1*(AK15-AK14)/$AQ14 -> 0.32867791 | BN15: =+AL$1*(AL15-AL14)/$AQ14 -> 0.004439647 | ... BR15: =+AP$1*(AP15-AP14)/$AQ14 -> 0.041140485 | BS15: =+SUM(BG15:BR15) -> 3.8434035 | BT15: =100*(D15/D14-1) -> 2.91366 | BV15: =+AS$1*(AS14-AS13)/$BE13 -> 0.28050548 | BW15: =+AT$1*(AT15-AT14)/$BE14 -> -0.00046272894 | BX15: =+AU$1*(AU15-AU14)/$BE14 -> 0.11451638 | BY15: =+AV$1*(AV15-AV14)/$BE14 -> 2.8259403 | BZ15: =+AW$1*(AW15-AW14)/$BE14 -> 0.23979308 | CA15: =+AX$1*(AX15-AX14)/$BE14 -> 0.21085232 | CB15: =+AY$1*(AY15-AY14)/$BE14 -> 0.49966736 | CC15: =+AZ$1*(AZ15-AZ14)/$BE14 -> 0.020133712 | CD15: =+BA$1*(BA15-BA14)/$BE14 -> 0.067074161 | ... CG15: =+BD$1*(BD15-BD14)/$BE14 -> 0.05653836 | CH15: =+SUM(BV15:CG15) -> 4.5156601 | CI15: =100*(H15/H14-1) -> 3.46682 | CK15: =+BG15-BV16 -> 0.18593729 | CL15: =+BH15-BW15 -> -0.00268806 | CM15: =+BI15-BX15 -> 0.03051824 | CN15: =+BJ15-BY15 -> -0.19249412 | CO15: =+BK15-BZ15 -> -0.11209715 | CP15: =+BL15-CA15 -> -0.11570633 | CQ15: =+BM15-CB15 -> -0.17098945 | CR15: =+BN15-CC15 -> -0.015694065 | CS15: =+BO15-CD15 -> -0.0056466392 | ... CX15: =+BT15-CI15 -> -0.55315998
A16: =+'Indice PondENGHO'!A15 -> 43101 | B16: =+'Indice PondENGHO'!B15 -> 1 | C16: =+'Indice PondENGHO'!C15 -> 2018 | D16: =+'Indice PondENGHO'!BL15 -> 126.45906 | E16: =+'Indice PondENGHO'!BM15 -> 127.01259 | F16: =+'Indice PondENGHO'!BN15 -> 127.25751 | G16: =+'Indice PondENGHO'!BO15 -> 127.23253 | H16: =+'Indice PondENGHO'!BP15 -> 127.56701 | I16: =+'Indice PondENGHO'!CD15 -> 127.21628 | K16: =100*D$1*(D16-D15)/$I15 -> 0.21875428 | L16: =100*E$1*(E16-E15)/$I15 -> 0.28231423 | M16: =100*F$1*(F16-F15)/$I15 -> 0.32548341 | N16: =100*G$1*(G16-G15)/$I15 -> 0.42416505 | O16: =100*H$1*(H16-H15)/$I15 -> 0.63540926 | P16: =+SUM(K16:O16) -> 1.8861262 | Q16: =100*(I16/I15-1) -> 1.8860897 | S16: =+'Indice PondENGHO'!D15 -> 121.96694 | T16: =+'Indice PondENGHO'!P15 -> 122.008 | U16: =+'Indice PondENGHO'!AB15 -> 121.98814 | V16: =+'Indice PondENGHO'!AN15 -> 121.9689 | W16: =+'Indice PondENGHO'!AZ15 -> 122.06399 | Y16: =+S$1*(S16-S15)/D15 -> 0.44342303 | Z16: =+T$1*(T16-T15)/E15 -> 0.36164861 | AA16: =+U$1*(U16-U15)/F15 -> 0.33866669 | AB16: =+V$1*(V16-V15)/G15 -> 0.2861201 | AC16: =+W$1*(W16-W15)/H15 -> 0.21883453 | AE16: =+'Indice PondENGHO'!D15 -> 121.96694 | AF16: =+'Indice PondENGHO'!E15 -> 125.4402 | AG16: =+'Indice PondENGHO'!F15 -> 118.77618 | AH16: =+'Indice PondENGHO'!G15 -> 158.42131 | AI16: =+'Indice PondENGHO'!H15 -> 118.8806 | AJ16: =+'Indice PondENGHO'!I15 -> 129.93443 | AK16: =+'Indice PondENGHO'!J15 -> 124.27406 | AL16: =+'Indice PondENGHO'!K15 -> 134.80215 | ... AP16: =+'Indice PondENGHO'!O15 -> 122.45414 | AQ16: =+D16 -> 126.45906 | AS16: =+'Indice PondENGHO'!AZ15 -> 122.06399 | AT16: =+'Indice PondENGHO'!BA15 -> 125.3651 | AU16: =+'Indice PondENGHO'!BB15 -> 119.16725 | AV16: =+'Indice PondENGHO'!BC15 -> 156.67953 | AW16: =+'Indice PondENGHO'!BD15 -> 119.40968 | AX16: =+'Indice PondENGHO'!BE15 -> 130.06711 | AY16: =+'Indice PondENGHO'!BF15 -> 123.34037 | AZ16: =+'Indice PondENGHO'!BG15 -> 134.82126 | ... BD16: =+'Indice PondENGHO'!BK15 -> 122.91001 | BE16: =+H16 -> 127.56701 | BG16: =+AE$1*(AE16-AE15)/$AQ15 -> 0.44342303 | BH16: =+AF$1*(AF16-AF15)/$AQ15 -> 0.030500038 | BI16: =+AG$1*(AG16-AG15)/$AQ15 -> 0.15164939 | BJ16: =+AH$1*(AH16-AH15)/$AQ15 -> 0.34263538 | BK16: =+AI$1*(AI16-AI15)/$AQ15 -> 0.060122721 | BL16: =+AJ$1*(AJ16-AJ15)/$AQ15 -> 0.074739992 | BM16: =+AK$1*(AK16-AK15)/$AQ15 -> 0.24179127 | BN16: =+AL$1*(AL16-AL15)/$AQ15 -> 0.031988067 | ... BR16: =+AP$1*(AP16-AP15)/$AQ15 -> 0.076930449 | BS16: =+SUM(BG16:BR16) -> 1.8720177 | BT16: =100*(D16/D15-1) -> 1.8003568 | BV16: =+AS$1*(AS15-AS14)/$BE14 -> 0.12319124 | BW16: =+AT$1*(AT16-AT15)/$BE15 -> 0.024362792 | BX16: =+AU$1*(AU16-AU15)/$BE15 -> 0.11520276 | BY16: =+AV$1*(AV16-AV15)/$BE15 -> 0.17690362 | BZ16: =+AW$1*(AW16-AW15)/$BE15 -> 0.10713642 | CA16: =+AX$1*(AX16-AX15)/$BE15 -> 0.14550446 | CB16: =+AY$1*(AY16-AY15)/$BE15 -> 0.3261825 | CC16: =+AZ$1*(AZ16-AZ15)/$BE15 -> 0.025189098 | CD16: =+BA$1*(BA16-BA15)/$BE15 -> 0.34065848 | ... CG16: =+BD$1*(BD16-BD15)/$BE15 -> 0.11941748 | CH16: =+SUM(BV16:CG16) -> 1.8504439 | CI16: =100*(H16/H15-1) -> 1.9622121 | CK16: =+BG16-BV17 -> 0.2245885 | CL16: =+BH16-BW16 -> 0.0061372462 | CM16: =+BI16-BX16 -> 0.036446634 | CN16: =+BJ16-BY16 -> 0.16573177 | CO16: =+BK16-BZ16 -> -0.047013701 | CP16: =+BL16-CA16 -> -0.070764463 | CQ16: =+BM16-CB16 -> -0.084391229 | CR16: =+BN16-CC16 -> 0.0067989693 | CS16: =+BO16-CD16 -> -0.089450515 | ... CX16: =+BT16-CI16 -> -0.16185531
... A82: =+'Indice PondENGHO'!A81 -> 45108 | B82: =+'Indice PondENGHO'!B81 -> 7 | C82: =+'Indice PondENGHO'!C81 -> 2023 | D82: =+'Indice PondENGHO'!BL81 -> 1853.1678 | E82: =+'Indice PondENGHO'!BM81 -> 1832.8857 | F82: =+'Indice PondENGHO'!BN81 -> 1831.6926 | G82: =+'Indice PondENGHO'!BO81 -> 1823.9402 | H82: =+'Indice PondENGHO'!BP81 -> 1810.7394 | I82: =+'Indice PondENGHO'!CD81 -> 1826.0088 | K82: =100*D$1*(D82-D81)/$I81 -> 0.8389016 | L82: =100*E$1*(E82-E81)/$I81 -> 1.0651802 | M82: =100*F$1*(F82-F81)/$I81 -> 1.2254717 | N82: =100*G$1*(G82-G81)/$I81 -> 1.541227 | O82: =100*H$1*(H82-H81)/$I81 -> 2.2493406 | P82: =+SUM(K82:O82) -> 6.920121 | Q82: =100*(I82/I81-1) -> 6.9201071 | S82: =+'Indice PondENGHO'!D81 -> 1966.1163 | T82: =+'Indice PondENGHO'!P81 -> 1959.3352 | U82: =+'Indice PondENGHO'!AB81 -> 1955.3729 | V82: =+'Indice PondENGHO'!AN81 -> 1951.7462 | W82: =+'Indice PondENGHO'!AZ81 -> 1945.7682 | Y82: =+S$1*(S82-S81)/D81 -> 2.3676504 | Z82: =+T$1*(T82-T81)/E81 -> 1.9360423 | AA82: =+U$1*(U82-U81)/F81 -> 1.7837189 | AB82: =+V$1*(V82-V81)/G81 -> 1.4948975 | AC82: =+W$1*(W82-W81)/H81 -> 1.129299 | AE82: =+'Indice PondENGHO'!D81 -> 1966.1163 | AF82: =+'Indice PondENGHO'!E81 -> 1517.8528 | AG82: =+'Indice PondENGHO'!F81 -> 2055.9099 | AH82: =+'Indice PondENGHO'!G81 -> 1429.3269 | AI82: =+'Indice PondENGHO'!H81 -> 1836.6754 | AJ82: =+'Indice PondENGHO'!I81 -> 2026.8678 | AK82: =+'Indice PondENGHO'!J81 -> 1818.2725 | AL82: =+'Indice PondENGHO'!K81 -> 1386.0236 | ... AP82: =+'Indice PondENGHO'!O81 -> 1598.1364 | AQ82: =+D82 -> 1853.1678 | AS82: =+'Indice PondENGHO'!AZ81 -> 1945.7682 | AT82: =+'Indice PondENGHO'!BA81 -> 1495.9083 | AU82: =+'Indice PondENGHO'!BB81 -> 2114.5769 | AV82: =+'Indice PondENGHO'!BC81 -> 1360.8436 | AW82: =+'Indice PondENGHO'!BD81 -> 1840.9143 | AX82: =+'Indice PondENGHO'!BE81 -> 1939.7328 | AY82: =+'Indice PondENGHO'!BF81 -> 1796.3611 | AZ82: =+'Indice PondENGHO'!BG81 -> 1368.413 | ... BD82: =+'Indice PondENGHO'!BK81 -> 1596.4183 | BE82: =+H82 -> 1810.7394 | BG82: =+AE$1*(AE82-AE81)/$AQ81 -> 2.3676504 | BH82: =+AF$1*(AF82-AF81)/$AQ81 -> 0.1723484 | BI82: =+AG$1*(AG82-AG81)/$AQ81 -> 0.47314415 | BJ82: =+AH$1*(AH82-AH81)/$AQ81 -> 0.4799414 | BK82: =+AI$1*(AI82-AI81)/$AQ81 -> 0.2442215 | BL82: =+AJ$1*(AJ82-AJ81)/$AQ81 -> 0.41420509 | BM82: =+AK$1*(AK82-AK81)/$AQ81 -> 0.58566324 | BN82: =+AL$1*(AL82-AL81)/$AQ81 -> 0.45891305 | ... BR82: =+AP$1*(AP82-AP81)/$AQ81 -> 0.20431201 | BS82: =+SUM(BG82:BR82) -> 6.5980187 | BT82: =100*(D82/D81-1) -> 6.7579479 | BV82: =+AS$1*(AS81-AS80)/$BE80 -> 0.93516341 | BW82: =+AT$1*(AT82-AT81)/$BE81 -> 0.14423419 | BX82: =+AU$1*(AU82-AU81)/$BE81 -> 0.38348345 | BY82: =+AV$1*(AV82-AV81)/$BE81 -> 0.44728616 | BZ82: =+AW$1*(AW82-AW81)/$BE81 -> 0.42484725 | CA82: =+AX$1*(AX82-AX81)/$BE81 -> 0.74374247 | CB82: =+AY$1*(AY82-AY81)/$BE81 -> 0.85680614 | CC82: =+AZ$1*(AZ82-AZ81)/$BE81 -> 0.43836624 | CD82: =+BA$1*(BA82-BA81)/$BE81 -> 1.0176067 | ... CG82: =+BD$1*(BD82-BD81)/$BE81 -> 0.29550155 | CH82: =+SUM(BV82:CG82) -> 6.5959653 | CI82: =100*(H82/H81-1) -> 7.0257859 | CK82: =+BG82-BV83 -> 1.2383514 | CL82: =+BH82-BW82 -> 0.028114212 | CM82: =+BI82-BX82 -> 0.0896607 | CN82: =+BJ82-BY82 -> 0.032655236 | CO82: =+BK82-BZ82 -> -0.18062575 | CP82: =+BL82-CA82 -> -0.32953738 | CQ82: =+BM82-CB82 -> -0.2711429 | CR82: =+BN82-CC82 -> 0.020546809 | CS82: =+BO82-CD82 -> -0.26958482 | ... CX82: =+BT82-CI82 -> -0.26783804
A83: =+'Indice PondENGHO'!A82 -> 45139 | B83: =+'Indice PondENGHO'!B82 -> 8 | C83: =+'Indice PondENGHO'!C82 -> 2023 | D83: =+'Indice PondENGHO'!BL82 -> 2095.9785 | E83: =+'Indice PondENGHO'!BM82 -> 2065.2734 | F83: =+'Indice PondENGHO'!BN82 -> 2061.9509 | G83: =+'Indice PondENGHO'!BO82 -> 2050.1367 | H83: =+'Indice PondENGHO'!BP82 -> 2032.8558 | I83: =+'Indice PondENGHO'!CD82 -> 2054.5977 | K83: =100*D$1*(D83-D82)/$I82 -> 1.624015 | L83: =100*E$1*(E83-E82)/$I82 -> 1.9754503 | M83: =100*F$1*(F83-F82)/$I82 -> 2.228382 | N83: =100*G$1*(G83-G82)/$I82 -> 2.7593846 | O83: =100*H$1*(H83-H82)/$I82 -> 3.9311003 | P83: =+SUM(K83:O83) -> 12.518332 | Q83: =100*(I83/I82-1) -> 12.518498 | S83: =+'Indice PondENGHO'!D82 -> 2280.467 | T83: =+'Indice PondENGHO'!P82 -> 2268.3491 | U83: =+'Indice PondENGHO'!AB82 -> 2260.55 | V83: =+'Indice PondENGHO'!AN82 -> 2254.0181 | W83: =+'Indice PondENGHO'!AZ82 -> 2244.5032 | Y83: =+S$1*(S83-S82)/D82 -> 5.8479565 | Z83: =+T$1*(T83-T82)/E82 -> 4.6690505 | AA83: =+U$1*(U83-U82)/F82 -> 4.2278417 | AB83: =+V$1*(V83-V82)/G82 -> 3.4935853 | AC83: =+W$1*(W83-W82)/H82 -> 2.5899317 | AE83: =+'Indice PondENGHO'!D82 -> 2280.467 | AF83: =+'Indice PondENGHO'!E82 -> 1660.5151 | AG83: =+'Indice PondENGHO'!F82 -> 2263.9592 | AH83: =+'Indice PondENGHO'!G82 -> 1548.4238 | AI83: =+'Indice PondENGHO'!H82 -> 2094.571 | AJ83: =+'Indice PondENGHO'!I82 -> 2334.3347 | AK83: =+'Indice PondENGHO'!J82 -> 2011.239 | AL83: =+'Indice PondENGHO'!K82 -> 1472.7164 | ... AP83: =+'Indice PondENGHO'!O82 -> 1744.9175 | AQ83: =+D83 -> 2095.9785 | AS83: =+'Indice PondENGHO'!AZ82 -> 2244.5032 | AT83: =+'Indice PondENGHO'!BA82 -> 1628.2856 | AU83: =+'Indice PondENGHO'!BB82 -> 2324.1499 | AV83: =+'Indice PondENGHO'!BC82 -> 1490.9464 | AW83: =+'Indice PondENGHO'!BD82 -> 2095.6973 | AX83: =+'Indice PondENGHO'!BE82 -> 2237.9587 | AY83: =+'Indice PondENGHO'!BF82 -> 1984.5079 | AZ83: =+'Indice PondENGHO'!BG82 -> 1451.6562 | ... BD83: =+'Indice PondENGHO'!BK82 -> 1736.1117 | BE83: =+H83 -> 2032.8558 | BG83: =+AE$1*(AE83-AE82)/$AQ82 -> 5.8479565 | BH83: =+AF$1*(AF83-AF82)/$AQ82 -> 0.17118063 | BI83: =+AG$1*(AG83-AG82)/$AQ82 -> 0.89726976 | BJ83: =+AH$1*(AH83-AH82)/$AQ82 -> 0.9120227 | BK83: =+AI$1*(AI83-AI82)/$AQ82 -> 0.57326716 | BL83: =+AJ$1*(AJ83-AJ82)/$AQ82 -> 0.69445239 | BM83: =+AK$1*(AK83-AK82)/$AQ82 -> 1.0817741 | BN83: =+AL$1*(AL83-AL82)/$AQ82 -> 0.23464026 | ... BR83: =+AP$1*(AP83-AP82)/$AQ82 -> 0.29061539 | BS83: =+SUM(BG83:BR83) -> 12.259426 | BT83: =100*(D83/D82-1) -> 13.102465 | BV83: =+AS$1*(AS82-AS81)/$BE81 -> 1.129299 | BW83: =+AT$1*(AT83-AT82)/$BE82 -> 0.13454387 | BX83: =+AU$1*(AU83-AU82)/$BE82 -> 0.69091661 | BY83: =+AV$1*(AV83-AV82)/$BE82 -> 1.0504241 | BZ83: =+AW$1*(AW83-AW82)/$BE82 -> 0.98429597 | CA83: =+AX$1*(AX83-AX82)/$BE82 -> 1.3170189 | CB83: =+AY$1*(AY83-AY82)/$BE82 -> 1.6255779 | CC83: =+AZ$1*(AZ83-AZ82)/$BE82 -> 0.20943137 | CD83: =+BA$1*(BA83-BA82)/$BE82 -> 1.106052 | ... CG83: =+BD$1*(BD83-BD82)/$BE82 -> 0.38635613 | CH83: =+SUM(BV83:CG83) -> 10.026343 | CI83: =100*(H83/H82-1) -> 12.266616 | CK83: =+BG83-BV84 -> 3.2580248 | CL83: =+BH83-BW83 -> 0.036636762 | CM83: =+BI83-BX83 -> 0.20635315 | CN83: =+BJ83-BY83 -> -0.13840145 | CO83: =+BK83-BZ83 -> -0.41102881 | CP83: =+BL83-CA83 -> -0.62256654 | CQ83: =+BM83-CB83 -> -0.54380389 | CR83: =+BN83-CC83 -> 0.025208886 | CS83: =+BO83-CD83 -> -0.27269299 | ... CX83: =+BT83-CI83 -> 0.83584855 | DB83: Nivel general | DC83: =+CW99 -> 0.023926832
A84: =+'Indice PondENGHO'!A83 -> 45170 | B84: =+'Indice PondENGHO'!B83 -> 9 | C84: =+'Indice PondENGHO'!C83 -> 2023 | D84: =+'Indice PondENGHO'!BL83 -> 2360.583 | E84: =+'Indice PondENGHO'!BM83 -> 2321.4329 | F84: =+'Indice PondENGHO'!BN83 -> 2316.2402 | G84: =+'Indice PondENGHO'!BO83 -> 2299.8391 | H84: =+'Indice PondENGHO'!BP83 -> 2276.3457 | I84: =+'Indice PondENGHO'!CD83 -> 2305.9287 | K84: =100*D$1*(D84-D83)/$I83 -> 1.5728798 | L84: =100*E$1*(E84-E83)/$I83 -> 1.9352604 | M84: =100*F$1*(F84-F83)/$I83 -> 2.1871498 | N84: =100*G$1*(G84-G83)/$I83 -> 2.7072295 | O84: =100*H$1*(H84-H83)/$I83 -> 3.8299258 | P84: =+SUM(K84:O84) -> 12.232445 | Q84: =100*(I84/I83-1) -> 12.232617 | S84: =+'Indice PondENGHO'!D83 -> 2599.4858 | T84: =+'Indice PondENGHO'!P83 -> 2585.5325 | U84: =+'Indice PondENGHO'!AB83 -> 2576.5908 | V84: =+'Indice PondENGHO'!AN83 -> 2569.1748 | W84: =+'Indice PondENGHO'!AZ83 -> 2555.8191 | Y84: =+S$1*(S84-S83)/D83 -> 5.2472759 | Z84: =+T$1*(T84-T83)/E83 -> 4.2532289 | AA84: =+U$1*(U84-U83)/F83 -> 3.8894136 | AB84: =+V$1*(V84-V83)/G83 -> 3.2406193 | AC84: =+W$1*(W84-W83)/H83 -> 2.4041022 | AE84: =+'Indice PondENGHO'!D83 -> 2599.4858 | AF84: =+'Indice PondENGHO'!E83 -> 1842.1824 | AG84: =+'Indice PondENGHO'!F83 -> 2531.4746 | AH84: =+'Indice PondENGHO'!G83 -> 1687.1996 | AI84: =+'Indice PondENGHO'!H83 -> 2352.4194 | AJ84: =+'Indice PondENGHO'!I83 -> 2566.1013 | AK84: =+'Indice PondENGHO'!J83 -> 2236.1606 | AL84: =+'Indice PondENGHO'!K83 -> 1628.7809 | ... AP84: =+'Indice PondENGHO'!O83 -> 1942.637 | AQ84: =+D84 -> 2360.583 | AS84: =+'Indice PondENGHO'!AZ83 -> 2555.8191 | AT84: =+'Indice PondENGHO'!BA83 -> 1804.6277 | AU84: =+'Indice PondENGHO'!BB83 -> 2600.0024 | AV84: =+'Indice PondENGHO'!BC83 -> 1615.9531 | AW84: =+'Indice PondENGHO'!BD83 -> 2346.1582 | AX84: =+'Indice PondENGHO'!BE83 -> 2443.376 | AY84: =+'Indice PondENGHO'!BF83 -> 2196.3611 | AZ84: =+'Indice PondENGHO'!BG83 -> 1600.333 | ... BD84: =+'Indice PondENGHO'!BK83 -> 1937.9525 | BE84: =+H84 -> 2276.3457 | BG84: =+AE$1*(AE84-AE83)/$AQ83 -> 5.2472759 | BH84: =+AF$1*(AF84-AF83)/$AQ83 -> 0.19273021 | BI84: =+AG$1*(AG84-AG83)/$AQ83 -> 1.0200781 | BJ84: =+AH$1*(AH84-AH83)/$AQ83 -> 0.93960785 | BK84: =+AI$1*(AI84-AI83)/$AQ83 -> 0.50676362 | BL84: =+AJ$1*(AJ84-AJ83)/$AQ83 -> 0.46283145 | BM84: =+AK$1*(AK84-AK83)/$AQ83 -> 1.1148429 | BN84: =+AL$1*(AL84-AL83)/$AQ83 -> 0.37346599 | ... BR84: =+AP$1*(AP84-AP83)/$AQ83 -> 0.34611927 | BS84: =+SUM(BG84:BR84) -> 12.008678 | BT84: =100*(D84/D83-1) -> 12.62439 | BV84: =+AS$1*(AS83-AS82)/$BE82 -> 2.5899317 | BW84: =+AT$1*(AT84-AT83)/$BE83 -> 0.15964509 | BX84: =+AU$1*(AU84-AU83)/$BE83 -> 0.81005901 | BY84: =+AV$1*(AV84-AV83)/$BE83 -> 0.89900232 | BZ84: =+AW$1*(AW84-AW83)/$BE83 -> 0.86187582 | CA84: =+AX$1*(AX84-AX83)/$BE83 -> 0.80803995 | CB84: =+AY$1*(AY84-AY83)/$BE83 -> 1.6304036 | CC84: =+AZ$1*(AZ84-AZ83)/$BE83 -> 0.33318463 | CD84: =+BA$1*(BA84-BA83)/$BE83 -> 1.4166252 | ... CG84: =+BD$1*(BD84-BD83)/$BE83 -> 0.49724499 | CH84: =+SUM(BV84:CG84) -> 11.538141 | CI84: =100*(H84/H83-1) -> 11.977724 | CK84: =+BG84-BV85 -> 2.8431737 | CL84: =+BH84-BW84 -> 0.033085115 | CM84: =+BI84-BX84 -> 0.21001909 | CN84: =+BJ84-BY84 -> 0.040605529 | CO84: =+BK84-BZ84 -> -0.3551122 | CP84: =+BL84-CA84 -> -0.3452085 | CQ84: =+BM84-CB84 -> -0.51556073 | CR84: =+BN84-CC84 -> 0.040281358 | CS84: =+BO84-CD84 -> -0.34891717 | ... CX84: =+BT84-CI84 -> 0.64666518 | DB84: Alimentos y bebidas no alcohólicas | DC84: -0.10036988
A85: =+'Indice PondENGHO'!A84 -> 45200 | B85: =+'Indice PondENGHO'!B84 -> 10 | C85: =+'Indice PondENGHO'!C84 -> 2023 | D85: =+'Indice PondENGHO'!BL84 -> 2547.4832 | E85: =+'Indice PondENGHO'!BM84 -> 2508.668 | F85: =+'Indice PondENGHO'!BN84 -> 2503.9019 | G85: =+'Indice PondENGHO'!BO84 -> 2486.5215 | H85: =+'Indice PondENGHO'!BP84 -> 2463.5054 | I85: =+'Indice PondENGHO'!CD84 -> 2493.0508 | K85: =100*D$1*(D85-D84)/$I84 -> 0.98989445 | L85: =100*E$1*(E85-E84)/$I84 -> 1.2603677 | M85: =100*F$1*(F85-F84)/$I84 -> 1.4381587 | N85: =100*G$1*(G85-G84)/$I84 -> 1.8033773 | O85: =100*H$1*(H85-H84)/$I84 -> 2.6230263 | P85: =+SUM(K85:O85) -> 8.1148244 | Q85: =100*(I85/I84-1) -> 8.1148246 | S85: =+'Indice PondENGHO'!D84 -> 2783.8955 | T85: =+'Indice PondENGHO'!P84 -> 2772.9521 | U85: =+'Indice PondENGHO'!AB84 -> 2765.3054 | V85: =+'Indice PondENGHO'!AN84 -> 2758.6599 | W85: =+'Indice PondENGHO'!AZ84 -> 2747.6621 | Y85: =+S$1*(S85-S84)/D84 -> 2.6932016 | Z85: =+T$1*(T85-T84)/E84 -> 2.235862 | AA85: =+U$1*(U85-U84)/F84 -> 2.0674796 | AB85: =+V$1*(V85-V84)/G84 -> 1.7368482 | AC85: =+W$1*(W85-W84)/H84 -> 1.3230186 | AE85: =+'Indice PondENGHO'!D84 -> 2783.8955 | AF85: =+'Indice PondENGHO'!E84 -> 2022.296 | AG85: =+'Indice PondENGHO'!F84 -> 2780.8074 | AH85: =+'Indice PondENGHO'!G84 -> 1809.1902 | AI85: =+'Indice PondENGHO'!H84 -> 2594.4329 | AJ85: =+'Indice PondENGHO'!I84 -> 2690.7832 | AK85: =+'Indice PondENGHO'!J84 -> 2393.0938 | AL85: =+'Indice PondENGHO'!K84 -> 1845.7833 | ... AP85: =+'Indice PondENGHO'!O84 -> 2083.894 | AQ85: =+D85 -> 2547.4832 | AS85: =+'Indice PondENGHO'!AZ84 -> 2747.6621 | AT85: =+'Indice PondENGHO'!BA84 -> 1984.0656 | AU85: =+'Indice PondENGHO'!BB84 -> 2862.3699 | AV85: =+'Indice PondENGHO'!BC84 -> 1745.9569 | AW85: =+'Indice PondENGHO'!BD84 -> 2592.0557 | AX85: =+'Indice PondENGHO'!BE84 -> 2571.3184 | AY85: =+'Indice PondENGHO'!BF84 -> 2352.3044 | AZ85: =+'Indice PondENGHO'!BG84 -> 1816.36 | ... BD85: =+'Indice PondENGHO'!BK84 -> 2068.8962 | BE85: =+H85 -> 2463.5054 | BG85: =+AE$1*(AE85-AE84)/$AQ84 -> 2.6932016 | BH85: =+AF$1*(AF85-AF84)/$AQ84 -> 0.16966308 | BI85: =+AG$1*(AG85-AG84)/$AQ84 -> 0.84417322 | BJ85: =+AH$1*(AH85-AH84)/$AQ84 -> 0.73337643 | BK85: =+AI$1*(AI85-AI84)/$AQ84 -> 0.4223262 | BL85: =+AJ$1*(AJ85-AJ84)/$AQ84 -> 0.22107667 | BM85: =+AK$1*(AK85-AK84)/$AQ84 -> 0.69066042 | BN85: =+AL$1*(AL85-AL84)/$AQ84 -> 0.46108314 | ... BR85: =+AP$1*(AP85-AP84)/$AQ84 -> 0.21956044 | BS85: =+SUM(BG85:BR85) -> 7.6717029 | BT85: =100*(D85/D84-1) -> 7.9175418 | BV85: =+AS$1*(AS84-AS83)/$BE83 -> 2.4041022 | BW85: =+AT$1*(AT85-AT84)/$BE84 -> 0.14507152 | BX85: =+AU$1*(AU85-AU84)/$BE84 -> 0.68804677 | BY85: =+AV$1*(AV85-AV84)/$BE84 -> 0.83493339 | BZ85: =+AW$1*(AW85-AW84)/$BE84 -> 0.75566116 | CA85: =+AX$1*(AX85-AX84)/$BE84 -> 0.44944727 | CB85: =+AY$1*(AY85-AY84)/$BE84 -> 1.0717549 | CC85: =+AZ$1*(AZ85-AZ84)/$BE84 -> 0.43233285 | CD85: =+BA$1*(BA85-BA84)/$BE84 -> 0.87641381 | ... CG85: =+BD$1*(BD85-BD84)/$BE84 -> 0.2880809 | CH85: =+SUM(BV85:CG85) -> 9.0094887 | CI85: =100*(H85/H84-1) -> 8.2219352 | CK85: =+BG85-BV86 -> 1.3701829 | CL85: =+BH85-BW85 -> 0.024591559 | CM85: =+BI85-BX85 -> 0.15612645 | CN85: =+BJ85-BY85 -> -0.10155696 | CO85: =+BK85-BZ85 -> -0.33333497 | CP85: =+BL85-CA85 -> -0.2283706 | CQ85: =+BM85-CB85 -> -0.38109443 | CR85: =+BN85-CC85 -> 0.028750285 | CS85: =+BO85-CD85 -> -0.1879531 | ... CX85: =+BT85-CI85 -> -0.30439337 | DB85: Bebidas alcohólicas y tabaco | DC85: 0.0082481696
A86: =+'Indice PondENGHO'!A85 -> 45231 | B86: =+'Indice PondENGHO'!B85 -> 11 | C86: =+'Indice PondENGHO'!C85 -> 2023 | D86: =+'Indice PondENGHO'!BL85 -> 2889.1501 | E86: =+'Indice PondENGHO'!BM85 -> 2839.8079 | F86: =+'Indice PondENGHO'!BN85 -> 2834.7007 | G86: =+'Indice PondENGHO'!BO85 -> 2811.1311 | H86: =+'Indice PondENGHO'!BP85 -> 2781.3547 | I86: =+'Indice PondENGHO'!CD85 -> 2819.6702 | K86: =100*D$1*(D86-D85)/$I85 -> 1.6737748 | L86: =100*E$1*(E86-E85)/$I85 -> 2.0617511 | M86: =100*F$1*(F86-F85)/$I85 -> 2.3448229 | N86: =100*G$1*(G86-G85)/$I85 -> 2.9004101 | O86: =100*H$1*(H86-H85)/$I85 -> 4.1202777 | P86: =+SUM(K86:O86) -> 13.101037 | Q86: =100*(I86/I85-1) -> 13.101193 | S86: =+'Indice PondENGHO'!D85 -> 3227.2195 | T86: =+'Indice PondENGHO'!P85 -> 3220.4009 | U86: =+'Indice PondENGHO'!AB85 -> 3215.3809 | V86: =+'Indice PondENGHO'!AN85 -> 3209.6248 | W86: =+'Indice PondENGHO'!AZ85 -> 3201.7292 | Y86: =+S$1*(S86-S85)/D85 -> 5.9994902 | Z86: =+T$1*(T86-T85)/E85 -> 4.9395345 | AA86: =+U$1*(U86-U85)/F85 -> 4.5612865 | AB86: =+V$1*(V86-V85)/G85 -> 3.8232677 | AC86: =+W$1*(W86-W85)/H85 -> 2.8935083 | AE86: =+'Indice PondENGHO'!D85 -> 3227.2195 | AF86: =+'Indice PondENGHO'!E85 -> 2248.6255 | AG86: =+'Indice PondENGHO'!F85 -> 3078.4749 | AH86: =+'Indice PondENGHO'!G85 -> 1942.984 | AI86: =+'Indice PondENGHO'!H85 -> 2923.7178 | AJ86: =+'Indice PondENGHO'!I85 -> 3110.2048 | AK86: =+'Indice PondENGHO'!J85 -> 2639.2175 | AL86: =+'Indice PondENGHO'!K85 -> 2130.3599 | ... AP86: =+'Indice PondENGHO'!O85 -> 2319.1416 | AQ86: =+D86 -> 2889.1501 | AS86: =+'Indice PondENGHO'!AZ85 -> 3201.7292 | AT86: =+'Indice PondENGHO'!BA85 -> 2206.686 | AU86: =+'Indice PondENGHO'!BB85 -> 3163.6729 | AV86: =+'Indice PondENGHO'!BC85 -> 1866.1757 | AW86: =+'Indice PondENGHO'!BD85 -> 2921.6577 | AX86: =+'Indice PondENGHO'!BE85 -> 2987.353 | AY86: =+'Indice PondENGHO'!BF85 -> 2596.4036 | AZ86: =+'Indice PondENGHO'!BG85 -> 2098.2935 | ... BD86: =+'Indice PondENGHO'!BK85 -> 2300.8855 | BE86: =+H86 -> 2781.3547 | BG86: =+AE$1*(AE86-AE85)/$AQ85 -> 5.9994902 | BH86: =+AF$1*(AF86-AF85)/$AQ85 -> 0.1975558 | BI86: =+AG$1*(AG86-AG85)/$AQ85 -> 0.93388105 | BJ86: =+AH$1*(AH86-AH85)/$AQ85 -> 0.74532313 | BK86: =+AI$1*(AI86-AI85)/$AQ85 -> 0.53246166 | BL86: =+AJ$1*(AJ86-AJ85)/$AQ85 -> 0.68912554 | BM86: =+AK$1*(AK86-AK85)/$AQ85 -> 1.0037176 | BN86: =+AL$1*(AL86-AL85)/$AQ85 -> 0.56030135 | ... BR86: =+AP$1*(AP86-AP85)/$AQ85 -> 0.33882617 | BS86: =+SUM(BG86:BR86) -> 12.636834 | BT86: =100*(D86/D85-1) -> 13.411943 | BV86: =+AS$1*(AS85-AS84)/$BE84 -> 1.3230186 | BW86: =+AT$1*(AT86-AT85)/$BE85 -> 0.16630982 | BX86: =+AU$1*(AU86-AU85)/$BE85 -> 0.73012323 | BY86: =+AV$1*(AV86-AV85)/$BE85 -> 0.71343227 | BZ86: =+AW$1*(AW86-AW85)/$BE85 -> 0.93593927 | CA86: =+AX$1*(AX86-AX85)/$BE85 -> 1.3504501 | CB86: =+AY$1*(AY86-AY85)/$BE85 -> 1.5501706 | CC86: =+AZ$1*(AZ86-AZ85)/$BE85 -> 0.52136466 | CD86: =+BA$1*(BA86-BA85)/$BE85 -> 1.2856357 | ... CG86: =+BD$1*(BD86-BD85)/$BE85 -> 0.47160929 | CH86: =+SUM(BV86:CG86) -> 10.497413 | CI86: =100*(H86/H85-1) -> 12.902321 | CK86: =+BG86-BV87 -> 3.1059818 | CL86: =+BH86-BW86 -> 0.031245979 | CM86: =+BI86-BX86 -> 0.20375783 | CN86: =+BJ86-BY86 -> 0.031890865 | CO86: =+BK86-BZ86 -> -0.4034776 | CP86: =+BL86-CA86 -> -0.66132456 | CQ86: =+BM86-CB86 -> -0.54645301 | CR86: =+BN86-CC86 -> 0.038936685 | CS86: =+BO86-CD86 -> -0.33710196 | ... CX86: =+BT86-CI86 -> 0.50962237 | DB86: Prendas de vestir y calzado | DC86: -0.0095888904
A87: =+'Indice PondENGHO'!A86 -> 45261 | B87: =+'Indice PondENGHO'!B86 -> 12 | C87: =+'Indice PondENGHO'!C86 -> 2023 | D87: =+'Indice PondENGHO'!BL86 -> 3640.6572 | E87: =+'Indice PondENGHO'!BM86 -> 3568.5667 | F87: =+'Indice PondENGHO'!BN86 -> 3560.4326 | G87: =+'Indice PondENGHO'!BO86 -> 3529.365 | H87: =+'Indice PondENGHO'!BP86 -> 3484.157 | I87: =+'Indice PondENGHO'!CD86 -> 3539.947 | K87: =100*D$1*(D87-D86)/$I86 -> 3.2550667 | L87: =100*E$1*(E87-E86)/$I86 -> 4.0118192 | M87: =100*F$1*(F87-F86)/$I86 -> 4.5483632 | N87: =100*G$1*(G87-G86)/$I86 -> 5.6740968 | O87: =100*H$1*(H87-H86)/$I86 -> 8.0551029 | P87: =+SUM(K87:O87) -> 25.544449 | Q87: =100*(I87/I86-1) -> 25.54472 | S87: =+'Indice PondENGHO'!D86 -> 4194.019 | T87: =+'Indice PondENGHO'!P86 -> 4183.8638 | U87: =+'Indice PondENGHO'!AB86 -> 4176.625 | V87: =+'Indice PondENGHO'!AN86 -> 4167.8853 | W87: =+'Indice PondENGHO'!AZ86 -> 4155.4438 | Y87: =+S$1*(S87-S86)/D86 -> 11.536413 | Z87: =+T$1*(T87-T86)/E86 -> 9.3957611 | AA87: =+U$1*(U87-U86)/F86 -> 8.6049001 | AB87: =+V$1*(V87-V86)/G86 -> 7.1859919 | AC87: =+W$1*(W87-W86)/H86 -> 5.3829485 | AE87: =+'Indice PondENGHO'!D86 -> 4194.019 | AF87: =+'Indice PondENGHO'!E86 -> 2683.1914 | AG87: =+'Indice PondENGHO'!F86 -> 3608.6765 | AH87: =+'Indice PondENGHO'!G86 -> 2211.9839 | AI87: =+'Indice PondENGHO'!H86 -> 3816.3093 | AJ87: =+'Indice PondENGHO'!I86 -> 4140.4229 | AK87: =+'Indice PondENGHO'!J86 -> 3490.9683 | AL87: =+'Indice PondENGHO'!K86 -> 2447.4797 | ... AP87: =+'Indice PondENGHO'!O86 -> 3082.2861 | AQ87: =+D87 -> 3640.6572 | AS87: =+'Indice PondENGHO'!AZ86 -> 4155.4438 | AT87: =+'Indice PondENGHO'!BA86 -> 2638.0671 | AU87: =+'Indice PondENGHO'!BB86 -> 3724.6575 | AV87: =+'Indice PondENGHO'!BC86 -> 2122.614 | AW87: =+'Indice PondENGHO'!BD86 -> 3815.6719 | AX87: =+'Indice PondENGHO'!BE86 -> 3946.7612 | AY87: =+'Indice PondENGHO'!BF86 -> 3410.2461 | AZ87: =+'Indice PondENGHO'!BG86 -> 2405.2197 | ... BD87: =+'Indice PondENGHO'!BK86 -> 3028.9016 | BE87: =+H87 -> 3484.157 | BG87: =+AE$1*(AE87-AE86)/$AQ86 -> 11.536413 | BH87: =+AF$1*(AF87-AF86)/$AQ86 -> 0.33446105 | BI87: =+AG$1*(AG87-AG86)/$AQ86 -> 1.466704 | BJ87: =+AH$1*(AH87-AH86)/$AQ86 -> 1.3213012 | BK87: =+AI$1*(AI87-AI86)/$AQ86 -> 1.2726544 | BL87: =+AJ$1*(AJ87-AJ86)/$AQ86 -> 1.4925121 | BM87: =+AK$1*(AK87-AK86)/$AQ86 -> 3.0627509 | BN87: =+AL$1*(AL87-AL86)/$AQ86 -> 0.55053792 | ... BR87: =+AP$1*(AP87-AP86)/$AQ86 -> 0.96916969 | BS87: =+SUM(BG87:BR87) -> 24.626078 | BT87: =100*(D87/D86-1) -> 26.011354 | BV87: =+AS$1*(AS86-AS85)/$BE85 -> 2.8935083 | BW87: =+AT$1*(AT87-AT86)/$BE86 -> 0.28543749 | BX87: =+AU$1*(AU87-AU86)/$BE86 -> 1.2040397 | BY87: =+AV$1*(AV87-AV86)/$BE86 -> 1.3479092 | BZ87: =+AW$1*(AW87-AW86)/$BE86 -> 2.2485331 | CA87: =+AX$1*(AX87-AX86)/$BE86 -> 2.7583513 | CB87: =+AY$1*(AY87-AY86)/$BE86 -> 4.5777365 | CC87: =+AZ$1*(AZ87-AZ86)/$BE86 -> 0.50271998 | CD87: =+BA$1*(BA87-BA86)/$BE86 -> 1.9693701 | ... CG87: =+BD$1*(BD87-BD86)/$BE86 -> 1.3108488 | CH87: =+SUM(BV87:CG87) -> 21.348278 | CI87: =100*(H87/H86-1) -> 25.268343 | CK87: =+BG87-BV88 -> 6.1534641 | CL87: =+BH87-BW87 -> 0.049023558 | CM87: =+BI87-BX87 -> 0.26266421 | CN87: =+BJ87-BY87 -> -0.02660805 | CO87: =+BK87-BZ87 -> -0.9758787 | CP87: =+BL87-CA87 -> -1.2658392 | CQ87: =+BM87-CB87 -> -1.5149855 | CR87: =+BN87-CC87 -> 0.047817948 | CS87: =+BO87-CD87 -> -0.48870713 | ... CX87: =+BT87-CI87 -> 0.74301159 | DB87: Vivienda, agua, electricidad, gas y otros combustibles | DC87: 0.036641522
A88: =+'Indice PondENGHO'!A87 -> 45292 | B88: =+'Indice PondENGHO'!B87 -> 1 | C88: =+'Indice PondENGHO'!C87 -> 2024 | D88: =+'Indice PondENGHO'!BL87 -> 4380.6123 | E88: =+'Indice PondENGHO'!BM87 -> 4300.2271 | F88: =+'Indice PondENGHO'!BN87 -> 4291.0356 | G88: =+'Indice PondENGHO'!BO87 -> 4262.9507 | H88: =+'Indice PondENGHO'!BP87 -> 4211.2383 | I88: =+'Indice PondENGHO'!CD87 -> 4271.3843 | K88: =100*D$1*(D88-D87)/$I87 -> 2.5528995 | L88: =100*E$1*(E88-E87)/$I87 -> 3.2082532 | M88: =100*F$1*(F88-F87)/$I87 -> 3.6472197 | N88: =100*G$1*(G88-G87)/$I87 -> 4.6161854 | O88: =100*H$1*(H88-H87)/$I87 -> 6.6377741 | P88: =+SUM(K88:O88) -> 20.662332 | Q88: =100*(I88/I87-1) -> 20.662379 | S88: =+'Indice PondENGHO'!D87 -> 5019.646 | T88: =+'Indice PondENGHO'!P87 -> 5007.3091 | U88: =+'Indice PondENGHO'!AB87 -> 4999.1851 | V88: =+'Indice PondENGHO'!AN87 -> 4991.8862 | W88: =+'Indice PondENGHO'!AZ87 -> 4977.2905 | Y88: =+S$1*(S88-S87)/D87 -> 7.8182314 | Z88: =+T$1*(T88-T87)/E87 -> 6.3903829 | AA88: =+U$1*(U88-U87)/F87 -> 5.8625179 | AB88: =+V$1*(V88-V87)/G87 -> 4.9217029 | AC88: =+W$1*(W88-W87)/H87 -> 3.7029791 | AE88: =+'Indice PondENGHO'!D87 -> 5019.646 | AF88: =+'Indice PondENGHO'!E87 -> 3215.8772 | AG88: =+'Indice PondENGHO'!F87 -> 4127.5078 | AH88: =+'Indice PondENGHO'!G87 -> 2557.3113 | AI88: =+'Indice PondENGHO'!H87 -> 4679.3306 | AJ88: =+'Indice PondENGHO'!I87 -> 4985.4639 | AK88: =+'Indice PondENGHO'!J87 -> 4421.9819 | AL88: =+'Indice PondENGHO'!K87 -> 3001.3596 | ... AP88: =+'Indice PondENGHO'!O87 -> 4441.2373 | AQ88: =+D88 -> 4380.6123 | AS88: =+'Indice PondENGHO'!AZ87 -> 4977.2905 | AT88: =+'Indice PondENGHO'!BA87 -> 3168.3142 | AU88: =+'Indice PondENGHO'!BB87 -> 4269.1475 | AV88: =+'Indice PondENGHO'!BC87 -> 2404.2615 | AW88: =+'Indice PondENGHO'!BD87 -> 4667.8481 | AX88: =+'Indice PondENGHO'!BE87 -> 4755.4258 | AY88: =+'Indice PondENGHO'!BF87 -> 4314.0415 | AZ88: =+'Indice PondENGHO'!BG87 -> 2946.2358 | ... BD88: =+'Indice PondENGHO'!BK87 -> 4358.4233 | BE88: =+H88 -> 4211.2383 | BG88: =+AE$1*(AE88-AE87)/$AQ87 -> 7.8182314 | BH88: =+AF$1*(AF88-AF87)/$AQ87 -> 0.32535038 | BI88: =+AG$1*(AG88-AG87)/$AQ87 -> 1.1389846 | BJ88: =+AH$1*(AH88-AH87)/$AQ87 -> 1.3460807 | BK88: =+AI$1*(AI88-AI87)/$AQ87 -> 0.97649388 | BL88: =+AJ$1*(AJ88-AJ87)/$AQ87 -> 0.97153139 | BM88: =+AK$1*(AK88-AK87)/$AQ87 -> 2.6567185 | BN88: =+AL$1*(AL88-AL87)/$AQ87 -> 0.76307934 | ... BR88: =+AP$1*(AP88-AP87)/$AQ87 -> 1.3695793 | BS88: =+SUM(BG88:BR88) -> 19.972945 | BT88: =100*(D88/D87-1) -> 20.324766 | BV88: =+AS$1*(AS87-AS86)/$BE86 -> 5.3829485 | BW88: =+AT$1*(AT88-AT87)/$BE87 -> 0.28008306 | BX88: =+AU$1*(AU88-AU87)/$BE87 -> 0.93290719 | BY88: =+AV$1*(AV88-AV87)/$BE87 -> 1.1817951 | BZ88: =+AW$1*(AW88-AW87)/$BE87 -> 1.7109724 | CA88: =+AX$1*(AX88-AX87)/$BE87 -> 1.8559797 | CB88: =+AY$1*(AY88-AY87)/$BE87 -> 4.0582538 | CC88: =+AZ$1*(AZ88-AZ87)/$BE87 -> 0.70739331 | CD88: =+BA$1*(BA88-BA87)/$BE87 -> 2.2294714 | ... CG88: =+BD$1*(BD88-BD87)/$BE87 -> 1.9110221 | CH88: =+SUM(BV88:CG88) -> 22.0726 | CI88: =100*(H88/H87-1) -> 20.868213 | CK88: =+BG88-BV89 -> 4.1152522 | CL88: =+BH88-BW88 -> 0.045267319 | CM88: =+BI88-BX88 -> 0.20607746 | CN88: =+BJ88-BY88 -> 0.16428561 | CO88: =+BK88-BZ88 -> -0.7344785 | CP88: =+BL88-CA88 -> -0.88444832 | CQ88: =+BM88-CB88 -> -1.4015353 | CR88: =+BN88-CC88 -> 0.055686026 | CS88: =+BO88-CD88 -> -0.5731292 | ... CX88: =+BT88-CI88 -> -0.54344652 | DB88: Equipamiento y mantenimiento del hogar | DC88: -0.023992176
A89: =+'Indice PondENGHO'!A88 -> 45323 | B89: =+'Indice PondENGHO'!B88 -> 2 | C89: =+'Indice PondENGHO'!C88 -> 2024 | D89: =+'Indice PondENGHO'!BL88 -> 4904.9971 | E89: =+'Indice PondENGHO'!BM88 -> 4841.9585 | F89: =+'Indice PondENGHO'!BN88 -> 4833.7217 | G89: =+'Indice PondENGHO'!BO88 -> 4819.6514 | H89: =+'Indice PondENGHO'!BP88 -> 4770.896 | I89: =+'Indice PondENGHO'!CD88 -> 4820.2881 | K89: =100*D$1*(D89-D88)/$I88 -> 1.4993622 | L89: =100*E$1*(E89-E88)/$I88 -> 1.9686624 | M89: =100*F$1*(F89-F88)/$I88 -> 2.2452113 | N89: =100*G$1*(G89-G88)/$I88 -> 2.9032355 | O89: =100*H$1*(H89-H88)/$I88 -> 4.2343827 | P89: =+SUM(K89:O89) -> 12.850854 | Q89: =100*(I89/I88-1) -> 12.850724 | S89: =+'Indice PondENGHO'!D88 -> 5517.4194 | T89: =+'Indice PondENGHO'!P88 -> 5518.1562 | U89: =+'Indice PondENGHO'!AB88 -> 5518.2637 | V89: =+'Indice PondENGHO'!AN88 -> 5515.146 | W89: =+'Indice PondENGHO'!AZ88 -> 5508.5161 | Y89: =+S$1*(S89-S88)/D88 -> 3.9174309 | Z89: =+T$1*(T89-T88)/E88 -> 3.2899215 | AA89: =+U$1*(U89-U88)/F88 -> 3.0696605 | AB89: =+V$1*(V89-V88)/G88 -> 2.587565 | AC89: =+W$1*(W89-W88)/H88 -> 1.9802834 | AE89: =+'Indice PondENGHO'!D88 -> 5517.4194 | AF89: =+'Indice PondENGHO'!E88 -> 3772.4312 | AG89: =+'Indice PondENGHO'!F88 -> 4500.311 | AH89: =+'Indice PondENGHO'!G88 -> 3069.002 | AI89: =+'Indice PondENGHO'!H88 -> 5165.2573 | AJ89: =+'Indice PondENGHO'!I88 -> 5643.4121 | AK89: =+'Indice PondENGHO'!J88 -> 5285.8975 | AL89: =+'Indice PondENGHO'!K88 -> 3667.1843 | ... AP89: =+'Indice PondENGHO'!O88 -> 5183.5532 | AQ89: =+D89 -> 4904.9971 | AS89: =+'Indice PondENGHO'!AZ88 -> 5508.5161 | AT89: =+'Indice PondENGHO'!BA88 -> 3737.8 | AU89: =+'Indice PondENGHO'!BB88 -> 4642.4097 | AV89: =+'Indice PondENGHO'!BC88 -> 2888.3406 | AW89: =+'Indice PondENGHO'!BD88 -> 5159.8457 | AX89: =+'Indice PondENGHO'!BE88 -> 5418.249 | AY89: =+'Indice PondENGHO'!BF88 -> 5253.564 | AZ89: =+'Indice PondENGHO'!BG88 -> 3618.7424 | ... BD89: =+'Indice PondENGHO'!BK88 -> 5066.2964 | BE89: =+H89 -> 4770.896 | BG89: =+AE$1*(AE89-AE88)/$AQ88 -> 3.9174309 | BH89: =+AF$1*(AF89-AF88)/$AQ88 -> 0.28250911 | BI89: =+AG$1*(AG89-AG88)/$AQ88 -> 0.68016822 | BJ89: =+AH$1*(AH89-AH88)/$AQ88 -> 1.6576489 | BK89: =+AI$1*(AI89-AI88)/$AQ88 -> 0.4569449 | BL89: =+AJ$1*(AJ89-AJ88)/$AQ88 -> 0.62865989 | BM89: =+AK$1*(AK89-AK88)/$AQ88 -> 2.0488291 | BN89: =+AL$1*(AL89-AL88)/$AQ88 -> 0.76235804 | ... BR89: =+AP$1*(AP89-AP88)/$AQ88 -> 0.62175186 | BS89: =+SUM(BG89:BR89) -> 12.308945 | BT89: =100*(D89/D88-1) -> 11.970581 | BV89: =+AS$1*(AS88-AS87)/$BE87 -> 3.7029791 | BW89: =+AT$1*(AT89-AT88)/$BE88 -> 0.24887393 | BX89: =+AU$1*(AU89-AU88)/$BE88 -> 0.52911547 | BY89: =+AV$1*(AV89-AV88)/$BE88 -> 1.680508 | BZ89: =+AW$1*(AW89-AW88)/$BE88 -> 0.81726784 | CA89: =+AX$1*(AX89-AX88)/$BE88 -> 1.2586079 | CB89: =+AY$1*(AY89-AY88)/$BE88 -> 3.4903111 | CC89: =+AZ$1*(AZ89-AZ88)/$BE88 -> 0.72750368 | CD89: =+BA$1*(BA89-BA88)/$BE88 -> 0.81364494 | ... CG89: =+BD$1*(BD89-BD88)/$BE88 -> 0.84180898 | CH89: =+SUM(BV89:CG89) -> 15.367837 | CI89: =100*(H89/H88-1) -> 13.289624 | CK89: =+BG89-BV90 -> 1.9371475 | CL89: =+BH89-BW89 -> 0.033635183 | CM89: =+BI89-BX89 -> 0.15105275 | CN89: =+BJ89-BY89 -> -0.022859089 | CO89: =+BK89-BZ89 -> -0.36032294 | CP89: =+BL89-CA89 -> -0.62994799 | CQ89: =+BM89-CB89 -> -1.441482 | CR89: =+BN89-CC89 -> 0.034854356 | CS89: =+BO89-CD89 -> -0.19072375 | ... CX89: =+BT89-CI89 -> -1.3190421 | DB89: Salud | DC89: -0.069772831
A90: =+'Indice PondENGHO'!A89 -> 45352 | B90: =+'Indice PondENGHO'!B89 -> 3 | C90: =+'Indice PondENGHO'!C89 -> 2024 | D90: =+'Indice PondENGHO'!BL89 -> 5361.7954 | E90: =+'Indice PondENGHO'!BM89 -> 5311.1216 | F90: =+'Indice PondENGHO'!BN89 -> 5310.9268 | G90: =+'Indice PondENGHO'!BO89 -> 5301.3354 | H90: =+'Indice PondENGHO'!BP89 -> 5250.9058 | I90: =+'Indice PondENGHO'!CD89 -> 5295.6538 | K90: =100*D$1*(D90-D89)/$I89 -> 1.1573818 | L90: =100*E$1*(E90-E89)/$I89 -> 1.510799 | M90: =100*F$1*(F90-F89)/$I89 -> 1.7494812 | N90: =100*G$1*(G90-G89)/$I89 -> 2.2259656 | O90: =100*H$1*(H90-H89)/$I89 -> 3.2182023 | P90: =+SUM(K90:O90) -> 9.8618299 | Q90: =100*(I90/I89-1) -> 9.86177 | S90: =+'Indice PondENGHO'!D89 -> 5969.6265 | T90: =+'Indice PondENGHO'!P89 -> 5981.5024 | U90: =+'Indice PondENGHO'!AB89 -> 5989.374 | V90: =+'Indice PondENGHO'!AN89 -> 5991.9175 | W90: =+'Indice PondENGHO'!AZ89 -> 5993.2891 | Y90: =+S$1*(S90-S89)/D89 -> 3.1783594 | Z90: =+T$1*(T90-T89)/E89 -> 2.6501501 | AA90: =+U$1*(U90-U89)/F89 -> 2.4732063 | AB90: =+V$1*(V90-V89)/G89 -> 2.0853497 | AC90: =+W$1*(W90-W89)/H89 -> 1.5951319 | AE90: =+'Indice PondENGHO'!D89 -> 5969.6265 | AF90: =+'Indice PondENGHO'!E89 -> 4200.8184 | AG90: =+'Indice PondENGHO'!F89 -> 4834.27 | AH90: =+'Indice PondENGHO'!G89 -> 3452.8831 | AI90: =+'Indice PondENGHO'!H89 -> 5437.0571 | AJ90: =+'Indice PondENGHO'!I89 -> 6321.2832 | AK90: =+'Indice PondENGHO'!J89 -> 6008.8257 | AL90: =+'Indice PondENGHO'!K89 -> 4228.6924 | ... AP90: =+'Indice PondENGHO'!O89 -> 5664.52 | AQ90: =+D90 -> 5361.7954 | AS90: =+'Indice PondENGHO'!AZ89 -> 5993.2891 | AT90: =+'Indice PondENGHO'!BA89 -> 4163.1787 | AU90: =+'Indice PondENGHO'!BB89 -> 5006.2012 | AV90: =+'Indice PondENGHO'!BC89 -> 3276.8186 | AW90: =+'Indice PondENGHO'!BD89 -> 5431.9829 | AX90: =+'Indice PondENGHO'!BE89 -> 6089.5596 | AY90: =+'Indice PondENGHO'!BF89 -> 5913.4995 | AZ90: =+'Indice PondENGHO'!BG89 -> 4184.27 | ... BD90: =+'Indice PondENGHO'!BK89 -> 5539.1895 | BE90: =+H90 -> 5250.9058 | BG90: =+AE$1*(AE90-AE89)/$AQ89 -> 3.1783594 | BH90: =+AF$1*(AF90-AF89)/$AQ89 -> 0.19420381 | BI90: =+AG$1*(AG90-AG89)/$AQ89 -> 0.54415907 | BJ90: =+AH$1*(AH90-AH89)/$AQ89 -> 1.1106516 | BK90: =+AI$1*(AI90-AI89)/$AQ89 -> 0.22826442 | BL90: =+AJ$1*(AJ90-AJ89)/$AQ89 -> 0.57845183 | BM90: =+AK$1*(AK90-AK89)/$AQ89 -> 1.5311781 | BN90: =+AL$1*(AL90-AL89)/$AQ89 -> 0.57418406 | ... BR90: =+AP$1*(AP90-AP89)/$AQ89 -> 0.35978204 | BS90: =+SUM(BG90:BR90) -> 9.5167965 | BT90: =100*(D90/D89-1) -> 9.3129177 | BV90: =+AS$1*(AS89-AS88)/$BE88 -> 1.9802834 | BW90: =+AT$1*(AT90-AT89)/$BE89 -> 0.16408997 | BX90: =+AU$1*(AU90-AU89)/$BE89 -> 0.45519644 | BY90: =+AV$1*(AV90-AV89)/$BE89 -> 1.190421 | BZ90: =+AW$1*(AW90-AW89)/$BE89 -> 0.39902421 | CA90: =+AX$1*(AX90-AX89)/$BE89 -> 1.1251905 | CB90: =+AY$1*(AY90-AY89)/$BE89 -> 2.1640553 | CC90: =+AZ$1*(AZ90-AZ89)/$BE89 -> 0.54001063 | CD90: =+BA$1*(BA90-BA89)/$BE89 -> 0.7789351 | ... CG90: =+BD$1*(BD90-BD89)/$BE89 -> 0.4963991 | CH90: =+SUM(BV90:CG90) -> 10.634489 | CI90: =100*(H90/H89-1) -> 10.061208 | CK90: =+BG90-BV91 -> 1.5832275 | CL90: =+BH90-BW90 -> 0.030113838 | CM90: =+BI90-BX90 -> 0.088962633 | CN90: =+BJ90-BY90 -> -0.079769375 | CO90: =+BK90-BZ90 -> -0.17075979 | CP90: =+BL90-CA90 -> -0.54673866 | CQ90: =+BM90-CB90 -> -0.63287726 | CR90: =+BN90-CC90 -> 0.03417343 | CS90: =+BO90-CD90 -> -0.19939915 | ... CX90: =+BT90-CI90 -> -0.74829023 | DB90: Transporte | DC90: -0.20671412
A91: =+'Indice PondENGHO'!A90 -> 45383 | B91: =+'Indice PondENGHO'!B90 -> 4 | C91: =+'Indice PondENGHO'!C90 -> 2024 | D91: =+'Indice PondENGHO'!BL90 -> 5812.4004 | E91: =+'Indice PondENGHO'!BM90 -> 5772.0918 | F91: =+'Indice PondENGHO'!BN90 -> 5779.2354 | G91: =+'Indice PondENGHO'!BO90 -> 5767.6646 | H91: =+'Indice PondENGHO'!BP90 -> 5725.1328 | I91: =+'Indice PondENGHO'!CD90 -> 5762.1294 | K91: =100*D$1*(D91-D90)/$I90 -> 1.0392057 | L91: =100*E$1*(E91-E90)/$I90 -> 1.3511673 | M91: =100*F$1*(F91-F90)/$I90 -> 1.5627509 | N91: =100*G$1*(G91-G90)/$I90 -> 1.9615622 | O91: =100*H$1*(H91-H90)/$I90 -> 2.8940298 | P91: =+SUM(K91:O91) -> 8.8087159 | Q91: =100*(I91/I90-1) -> 8.8086496 | S91: =+'Indice PondENGHO'!D90 -> 6357.8608 | T91: =+'Indice PondENGHO'!P90 -> 6373.4468 | U91: =+'Indice PondENGHO'!AB90 -> 6383.9819 | V91: =+'Indice PondENGHO'!AN90 -> 6387.3027 | W91: =+'Indice PondENGHO'!AZ90 -> 6392.8672 | Y91: =+S$1*(S91-S90)/D90 -> 2.4962507 | Z91: =+T$1*(T91-T90)/E90 -> 2.0437326 | AA91: =+U$1*(U91-U90)/F90 -> 1.8854491 | AB91: =+V$1*(V91-V90)/G90 -> 1.5722421 | AC91: =+W$1*(W91-W90)/H90 -> 1.1946087 | AE91: =+'Indice PondENGHO'!D90 -> 6357.8608 | AF91: =+'Indice PondENGHO'!E90 -> 4476.8423 | AG91: =+'Indice PondENGHO'!F90 -> 5156.4116 | AH91: =+'Indice PondENGHO'!G90 -> 4582.2134 | AI91: =+'Indice PondENGHO'!H90 -> 5786.7935 | AJ91: =+'Indice PondENGHO'!I90 -> 6888.9229 | AK91: =+'Indice PondENGHO'!J90 -> 6382.7012 | AL91: =+'Indice PondENGHO'!K90 -> 4824.4043 | ... AP91: =+'Indice PondENGHO'!O90 -> 6005.9316 | AQ91: =+D91 -> 5812.4004 | AS91: =+'Indice PondENGHO'!AZ90 -> 6392.8672 | AT91: =+'Indice PondENGHO'!BA90 -> 4436.9966 | AU91: =+'Indice PondENGHO'!BB90 -> 5340.2988 | AV91: =+'Indice PondENGHO'!BC90 -> 4498.4941 | AW91: =+'Indice PondENGHO'!BD90 -> 5789.7441 | AX91: =+'Indice PondENGHO'!BE90 -> 6654.833 | AY91: =+'Indice PondENGHO'!BF90 -> 6274.6812 | AZ91: =+'Indice PondENGHO'!BG90 -> 4767.5176 | ... BD91: =+'Indice PondENGHO'!BK90 -> 5881.1035 | BE91: =+H91 -> 5725.1328 | BG91: =+AE$1*(AE91-AE90)/$AQ90 -> 2.4962507 | BH91: =+AF$1*(AF91-AF90)/$AQ90 -> 0.11447127 | BI91: =+AG$1*(AG91-AG90)/$AQ90 -> 0.48018442 | BJ91: =+AH$1*(AH91-AH90)/$AQ90 -> 2.9890323 | BK91: =+AI$1*(AI91-AI90)/$AQ90 -> 0.26869423 | BL91: =+AJ$1*(AJ91-AJ90)/$AQ90 -> 0.44311997 | BM91: =+AK$1*(AK91-AK90)/$AQ90 -> 0.72441266 | BN91: =+AL$1*(AL91-AL90)/$AQ90 -> 0.55726266 | ... BR91: =+AP$1*(AP91-AP90)/$AQ90 -> 0.23363139 | BS91: =+SUM(BG91:BR91) -> 9.2374475 | BT91: =100*(D91/D90-1) -> 8.4039943 | BV91: =+AS$1*(AS90-AS89)/$BE89 -> 1.5951319 | BW91: =+AT$1*(AT91-AT90)/$BE90 -> 0.095969637 | BX91: =+AU$1*(AU91-AU90)/$BE90 -> 0.37982667 | BY91: =+AV$1*(AV91-AV90)/$BE90 -> 3.4013843 | BZ91: =+AW$1*(AW91-AW90)/$BE90 -> 0.47661788 | CA91: =+AX$1*(AX91-AX90)/$BE90 -> 0.86084882 | CB91: =+AY$1*(AY91-AY90)/$BE90 -> 1.0761139 | CC91: =+AZ$1*(AZ91-AZ90)/$BE90 -> 0.5060194 | CD91: =+BA$1*(BA91-BA90)/$BE90 -> 0.63185507 | ... CG91: =+BD$1*(BD91-BD90)/$BE90 -> 0.32609995 | CH91: =+SUM(BV91:CG91) -> 10.226811 | CI91: =100*(H91/H90-1) -> 9.0313381 | CK91: =+BG91-BV92 -> 1.301642 | CL91: =+BH91-BW91 -> 0.018501631 | CM91: =+BI91-BX91 -> 0.10035775 | CN91: =+BJ91-BY91 -> -0.41235204 | CO91: =+BK91-BZ91 -> -0.20792365 | CP91: =+BL91-CA91 -> -0.41772884 | CQ91: =+BM91-CB91 -> -0.35170122 | CR91: =+BN91-CC91 -> 0.051243255 | CS91: =+BO91-CD91 -> -0.11731806 | ... CX91: =+BT91-CI91 -> -0.62734377 | DB91: Comunicación | DC91: 0.0074810751
A92: =+'Indice PondENGHO'!A91 -> 45413 | B92: =+'Indice PondENGHO'!B91 -> 5 | C92: =+'Indice PondENGHO'!C91 -> 2024 | D92: =+'Indice PondENGHO'!BL91 -> 6095.7993 | E92: =+'Indice PondENGHO'!BM91 -> 6050.8052 | F92: =+'Indice PondENGHO'!BN91 -> 6053.2632 | G92: =+'Indice PondENGHO'!BO91 -> 6034.6914 | H92: =+'Indice PondENGHO'!BP91 -> 5982.5991 | I92: =+'Indice PondENGHO'!CD91 -> 6031.1221 | K92: =100*D$1*(D92-D91)/$I91 -> 0.60067605 | L92: =100*E$1*(E92-E91)/$I91 -> 0.75081106 | M92: =100*F$1*(F92-F91)/$I91 -> 0.8404055 | N92: =100*G$1*(G92-G91)/$I91 -> 1.0322885 | O92: =100*H$1*(H92-H91)/$I91 -> 1.4440215 | P92: =+SUM(K92:O92) -> 4.6682026 | Q92: =100*(I92/I91-1) -> 4.6682859 | S92: =+'Indice PondENGHO'!D91 -> 6718.8486 | T92: =+'Indice PondENGHO'!P91 -> 6740.8154 | U92: =+'Indice PondENGHO'!AB91 -> 6756.0571 | V92: =+'Indice PondENGHO'!AN91 -> 6761.5654 | W92: =+'Indice PondENGHO'!AZ91 -> 6772.689 | Y92: =+S$1*(S92-S91)/D91 -> 2.1411221 | Z92: =+T$1*(T92-T91)/E91 -> 1.7626042 | AA92: =+U$1*(U92-U91)/F91 -> 1.6337277 | AB92: =+V$1*(V92-V91)/G91 -> 1.3679203 | AC92: =+W$1*(W92-W91)/H91 -> 1.0414837 | AE92: =+'Indice PondENGHO'!D91 -> 6718.8486 | AF92: =+'Indice PondENGHO'!E91 -> 4798.6826 | AG92: =+'Indice PondENGHO'!F91 -> 5389.1226 | AH92: =+'Indice PondENGHO'!G91 -> 4703.7319 | AI92: =+'Indice PondENGHO'!H91 -> 5993.5825 | AJ92: =+'Indice PondENGHO'!I91 -> 6948.5923 | AK92: =+'Indice PondENGHO'!J91 -> 6668.416 | AL92: =+'Indice PondENGHO'!K91 -> 5225.3809 | ... AP92: =+'Indice PondENGHO'!O91 -> 6289.6621 | AQ92: =+D92 -> 6095.7993 | AS92: =+'Indice PondENGHO'!AZ91 -> 6772.689 | AT92: =+'Indice PondENGHO'!BA91 -> 4772.3652 | AU92: =+'Indice PondENGHO'!BB91 -> 5572.4321 | AV92: =+'Indice PondENGHO'!BC91 -> 4608.0454 | AW92: =+'Indice PondENGHO'!BD91 -> 5993.7607 | AX92: =+'Indice PondENGHO'!BE91 -> 6690.0259 | AY92: =+'Indice PondENGHO'!BF91 -> 6526.2148 | AZ92: =+'Indice PondENGHO'!BG91 -> 5176.8667 | ... BD92: =+'Indice PondENGHO'!BK91 -> 6180.9287 | BE92: =+H92 -> 5982.5991 | BG92: =+AE$1*(AE92-AE91)/$AQ91 -> 2.1411221 | BH92: =+AF$1*(AF92-AF91)/$AQ91 -> 0.12312463 | BI92: =+AG$1*(AG92-AG91)/$AQ91 -> 0.31998732 | BJ92: =+AH$1*(AH92-AH91)/$AQ91 -> 0.29669275 | BK92: =+AI$1*(AI92-AI91)/$AQ91 -> 0.14655474 | BL92: =+AJ$1*(AJ92-AJ91)/$AQ91 -> 0.042968999 | BM92: =+AK$1*(AK92-AK91)/$AQ91 -> 0.51067731 | BN92: =+AL$1*(AL92-AL91)/$AQ91 -> 0.34601694 | ... BR92: =+AP$1*(AP92-AP91)/$AQ91 -> 0.17910743 | BS92: =+SUM(BG92:BR92) -> 4.7358149 | BT92: =100*(D92/D91-1) -> 4.875764 | BV92: =+AS$1*(AS91-AS90)/$BE90 -> 1.1946087 | BW92: =+AT$1*(AT92-AT91)/$BE91 -> 0.10780606 | BX92: =+AU$1*(AU92-AU91)/$BE91 -> 0.24204612 | BY92: =+AV$1*(AV92-AV91)/$BE91 -> 0.2797473 | BZ92: =+AW$1*(AW92-AW91)/$BE91 -> 0.24928217 | CA92: =+AX$1*(AX92-AX91)/$BE91 -> 0.049155449 | CB92: =+AY$1*(AY92-AY91)/$BE91 -> 0.68734913 | CC92: =+AZ$1*(AZ92-AZ91)/$BE91 -> 0.32572925 | CD92: =+BA$1*(BA92-BA91)/$BE91 -> 0.42662836 | ... CG92: =+BD$1*(BD92-BD91)/$BE91 -> 0.26227117 | CH92: =+SUM(BV92:CG92) -> 4.5598169 | CI92: =100*(H92/H91-1) -> 4.4971238 | CK92: =+BG92-BV93 -> 1.0996384 | CL92: =+BH92-BW92 -> 0.015318569 | CM92: =+BI92-BX92 -> 0.077941194 | CN92: =+BJ92-BY92 -> 0.016945448 | CO92: =+BK92-BZ92 -> -0.10272743 | CP92: =+BL92-CA92 -> -0.0061864502 | CQ92: =+BM92-CB92 -> -0.17667183 | CR92: =+BN92-CC92 -> 0.020287688 | CS92: =+BO92-CD92 -> -0.13558734 | ... CX92: =+BT92-CI92 -> 0.37864023 | DB92: Recreación y cultura | DC92: 0.013715352
A93: =+'Indice PondENGHO'!A92 -> 45444 | B93: =+'Indice PondENGHO'!B92 -> 6 | C93: =+'Indice PondENGHO'!C92 -> 2024 | D93: =+'Indice PondENGHO'!BL92 -> 6412.5781 | E93: =+'Indice PondENGHO'!BM92 -> 6366.7715 | F93: =+'Indice PondENGHO'!BN92 -> 6370.3535 | G93: =+'Indice PondENGHO'!BO92 -> 6349.2583 | H93: =+'Indice PondENGHO'!BP92 -> 6296.1191 | I93: =+'Indice PondENGHO'!CD92 -> 6346.2847 | K93: =100*D$1*(D93-D92)/$I92 -> 0.64148001 | L93: =100*E$1*(E93-E92)/$I92 -> 0.81320213 | M93: =100*F$1*(F93-F92)/$I92 -> 0.92909923 | N93: =100*G$1*(G93-G92)/$I92 -> 1.1618339 | O93: =100*H$1*(H93-H92)/$I92 -> 1.6799773 | P93: =+SUM(K93:O93) -> 5.2255926 | Q93: =100*(I93/I92-1) -> 5.2256047 | S93: =+'Indice PondENGHO'!D92 -> 7013.9146 | T93: =+'Indice PondENGHO'!P92 -> 7036.1045 | U93: =+'Indice PondENGHO'!AB92 -> 7052.9932 | V93: =+'Indice PondENGHO'!AN92 -> 7058.5908 | W93: =+'Indice PondENGHO'!AZ92 -> 7065.7949 | Y93: =+S$1*(S93-S92)/D92 -> 1.668756 | Z93: =+T$1*(T93-T92)/E92 -> 1.3515127 | AA93: =+U$1*(U93-U92)/F92 -> 1.2447802 | AB93: =+V$1*(V93-V92)/G92 -> 1.0375828 | AC93: =+W$1*(W93-W92)/H92 -> 0.7691179 | AE93: =+'Indice PondENGHO'!D92 -> 7013.9146 | AF93: =+'Indice PondENGHO'!E92 -> 4926.5127 | AG93: =+'Indice PondENGHO'!F92 -> 5628.5518 | AH93: =+'Indice PondENGHO'!G92 -> 5434.9141 | AI93: =+'Indice PondENGHO'!H92 -> 6148.2681 | AJ93: =+'Indice PondENGHO'!I92 -> 7278.1123 | AK93: =+'Indice PondENGHO'!J92 -> 6933.6685 | AL93: =+'Indice PondENGHO'!K92 -> 5523.8608 | ... AP93: =+'Indice PondENGHO'!O92 -> 6516.1377 | AQ93: =+D93 -> 6412.5781 | AS93: =+'Indice PondENGHO'!AZ92 -> 7065.7949 | AT93: =+'Indice PondENGHO'!BA92 -> 4902.1865 | AU93: =+'Indice PondENGHO'!BB92 -> 5812.1904 | AV93: =+'Indice PondENGHO'!BC92 -> 5236.2856 | AW93: =+'Indice PondENGHO'!BD92 -> 6141.4106 | AX93: =+'Indice PondENGHO'!BE92 -> 7009.1875 | AY93: =+'Indice PondENGHO'!BF92 -> 6787.8052 | AZ93: =+'Indice PondENGHO'!BG92 -> 5461.5273 | ... BD93: =+'Indice PondENGHO'!BK92 -> 6431.8081 | BE93: =+H93 -> 6296.1191 | BG93: =+AE$1*(AE93-AE92)/$AQ92 -> 1.668756 | BH93: =+AF$1*(AF93-AF92)/$AQ92 -> 0.046629676 | BI93: =+AG$1*(AG93-AG92)/$AQ92 -> 0.31391925 | BJ93: =+AH$1*(AH93-AH92)/$AQ92 -> 1.7022164 | BK93: =+AI$1*(AI93-AI92)/$AQ92 -> 0.10453143 | BL93: =+AJ$1*(AJ93-AJ92)/$AQ92 -> 0.22626115 | BM93: =+AK$1*(AK93-AK92)/$AQ92 -> 0.45206201 | BN93: =+AL$1*(AL93-AL92)/$AQ92 -> 0.24559439 | ... BR93: =+AP$1*(AP93-AP92)/$AQ92 -> 0.13631821 | BS93: =+SUM(BG93:BR93) -> 5.607425 | BT93: =100*(D93/D92-1) -> 5.1966738 | BV93: =+AS$1*(AS92-AS91)/$BE91 -> 1.0414837 | BW93: =+AT$1*(AT93-AT92)/$BE92 -> 0.039935792 | BX93: =+AU$1*(AU93-AU92)/$BE92 -> 0.23923791 | BY93: =+AV$1*(AV93-AV92)/$BE92 -> 1.5352174 | BZ93: =+AW$1*(AW93-AW92)/$BE92 -> 0.17264521 | CA93: =+AX$1*(AX93-AX92)/$BE92 -> 0.4266024 | CB93: =+AY$1*(AY93-AY92)/$BE92 -> 0.6840669 | CC93: =+AZ$1*(AZ93-AZ92)/$BE92 -> 0.21676342 | CD93: =+BA$1*(BA93-BA92)/$BE92 -> 0.4936495 | ... CG93: =+BD$1*(BD93-BD92)/$BE92 -> 0.2100115 | CH93: =+SUM(BV93:CG93) -> 5.7848739 | CI93: =100*(H93/H92-1) -> 5.240532 | CK93: =+BG93-BV94 -> 0.89963809 | CL93: =+BH93-BW93 -> 0.0066938839 | CM93: =+BI93-BX93 -> 0.074681338 | CN93: =+BJ93-BY93 -> 0.16699893 | CO93: =+BK93-BZ93 -> -0.068113777 | CP93: =+BL93-CA93 -> -0.20034125 | CQ93: =+BM93-CB93 -> -0.2320049 | CR93: =+BN93-CC93 -> 0.028830972 | CS93: =+BO93-CD93 -> -0.12369914 | ... CX93: =+BT93-CI93 -> -0.043858126 | DB93: Educación | DC93: -0.02851608
A94: =+'Indice PondENGHO'!A93 -> 45474 | B94: =+'Indice PondENGHO'!B93 -> 7 | C94: =+'Indice PondENGHO'!C93 -> 2024 | D94: =+'Indice PondENGHO'!BL93 -> 6698.1289 | E94: =+'Indice PondENGHO'!BM93 -> 6653.5889 | F94: =+'Indice PondENGHO'!BN93 -> 6660.1445 | G94: =+'Indice PondENGHO'!BO93 -> 6639.1387 | H94: =+'Indice PondENGHO'!BP93 -> 6587.979 | I94: =+'Indice PondENGHO'!CD93 -> 6635.7842 | K94: =100*D$1*(D94-D93)/$I93 -> 0.54952686 | L94: =100*E$1*(E94-E93)/$I93 -> 0.70152277 | M94: =100*F$1*(F94-F93)/$I93 -> 0.80694249 | N94: =100*G$1*(G94-G93)/$I93 -> 1.0174859 | O94: =100*H$1*(H94-H93)/$I93 -> 1.4862473 | P94: =+SUM(K94:O94) -> 4.5617254 | Q94: =100*(I94/I93-1) -> 4.5617165 | S94: =+'Indice PondENGHO'!D93 -> 7274.873 | T94: =+'Indice PondENGHO'!P93 -> 7307.1162 | U94: =+'Indice PondENGHO'!AB93 -> 7331.519 | V94: =+'Indice PondENGHO'!AN93 -> 7342.2188 | W94: =+'Indice PondENGHO'!AZ93 -> 7357.1797 | Y94: =+S$1*(S94-S93)/D93 -> 1.4029533 | Z94: =+T$1*(T94-T93)/E93 -> 1.1788397 | AA94: =+U$1*(U94-U93)/F93 -> 1.1094848 | AB94: =+V$1*(V94-V93)/G93 -> 0.94169495 | AC94: =+W$1*(W94-W93)/H93 -> 0.72652754 | AE94: =+'Indice PondENGHO'!D93 -> 7274.873 | AF94: =+'Indice PondENGHO'!E93 -> 5256.3755 | AG94: =+'Indice PondENGHO'!F93 -> 5861.394 | AH94: =+'Indice PondENGHO'!G93 -> 5833.4868 | AI94: =+'Indice PondENGHO'!H93 -> 6349.2349 | AJ94: =+'Indice PondENGHO'!I93 -> 7697.2231 | AK94: =+'Indice PondENGHO'!J93 -> 7130.6719 | AL94: =+'Indice PondENGHO'!K93 -> 5778.0684 | ... AP94: =+'Indice PondENGHO'!O93 -> 6766.0098 | AQ94: =+D94 -> 6698.1289 | AS94: =+'Indice PondENGHO'!AZ93 -> 7357.1797 | AT94: =+'Indice PondENGHO'!BA93 -> 5230.7832 | AU94: =+'Indice PondENGHO'!BB93 -> 6045.1675 | AV94: =+'Indice PondENGHO'!BC93 -> 5525.1226 | AW94: =+'Indice PondENGHO'!BD93 -> 6340.9263 | AX94: =+'Indice PondENGHO'!BE93 -> 7422.8188 | AY94: =+'Indice PondENGHO'!BF93 -> 6961.2954 | AZ94: =+'Indice PondENGHO'!BG93 -> 5720.4351 | ... BD94: =+'Indice PondENGHO'!BK93 -> 6672.9517 | BE94: =+H94 -> 6587.979 | BG94: =+AE$1*(AE94-AE93)/$AQ93 -> 1.4029533 | BH94: =+AF$1*(AF94-AF93)/$AQ93 -> 0.11438278 | BI94: =+AG$1*(AG94-AG93)/$AQ93 -> 0.29020218 | BJ94: =+AH$1*(AH94-AH93)/$AQ93 -> 0.88205323 | BK94: =+AI$1*(AI94-AI93)/$AQ93 -> 0.12909799 | BL94: =+AJ$1*(AJ94-AJ93)/$AQ93 -> 0.27356156 | BM94: =+AK$1*(AK94-AK93)/$AQ93 -> 0.31916141 | BN94: =+AL$1*(AL94-AL93)/$AQ93 -> 0.19883353 | ... BR94: =+AP$1*(AP94-AP93)/$AQ93 -> 0.14297108 | BS94: =+SUM(BG94:BR94) -> 4.4948877 | BT94: =100*(D94/D93-1) -> 4.4529794 | BV94: =+AS$1*(AS93-AS92)/$BE92 -> 0.7691179 | BW94: =+AT$1*(AT94-AT93)/$BE93 -> 0.096049812 | BX94: =+AU$1*(AU94-AU93)/$BE93 -> 0.22089529 | BY94: =+AV$1*(AV94-AV93)/$BE93 -> 0.67067762 | BZ94: =+AW$1*(AW94-AW93)/$BE93 -> 0.22167425 | CA94: =+AX$1*(AX94-AX93)/$BE93 -> 0.52534311 | CB94: =+AY$1*(AY94-AY93)/$BE93 -> 0.43109093 | CC94: =+AZ$1*(AZ94-AZ93)/$BE93 -> 0.18733569 | CD94: =+BA$1*(BA94-BA93)/$BE93 -> 0.50180594 | ... CG94: =+BD$1*(BD94-BD93)/$BE93 -> 0.19180976 | CH94: =+SUM(BV94:CG94) -> 4.516274 | CI94: =100*(H94/H93-1) -> 4.6355518 | CK94: =+BG94-BV95 -> 0.67642578 | CL94: =+BH94-BW94 -> 0.018332972 | CM94: =+BI94-BX94 -> 0.069306894 | CN94: =+BJ94-BY94 -> 0.21137562 | CO94: =+BK94-BZ94 -> -0.092576264 | CP94: =+BL94-CA94 -> -0.25178155 | CQ94: =+BM94-CB94 -> -0.11192952 | CR94: =+BN94-CC94 -> 0.01149784 | CS94: =+BO94-CD94 -> -0.11235894 | ... CX94: =+BT94-CI94 -> -0.18257241 | DB94: Restaurantes y hoteles | DC94: -0.11646511
A95: =+'Indice PondENGHO'!A94 -> 45505 | B95: =+'Indice PondENGHO'!B94 -> 8 | C95: =+'Indice PondENGHO'!C94 -> 2024 | D95: =+'Indice PondENGHO'!BL94 -> 6982.4482 | E95: =+'Indice PondENGHO'!BM94 -> 6937.2905 | F95: =+'Indice PondENGHO'!BN94 -> 6941.7817 | G95: =+'Indice PondENGHO'!BO94 -> 6923.1885 | H95: =+'Indice PondENGHO'!BP94 -> 6872.1592 | I95: =+'Indice PondENGHO'!CD94 -> 6919.4277 | K95: =100*D$1*(D95-D94)/$I94 -> 0.52328618 | L95: =100*E$1*(E95-E94)/$I94 -> 0.66362918 | M95: =100*F$1*(F95-F94)/$I94 -> 0.75002371 | N95: =100*G$1*(G95-G94)/$I94 -> 0.95352349 | O95: =100*H$1*(H95-H94)/$I94 -> 1.3840054 | P95: =+SUM(K95:O95) -> 4.274468 | Q95: =100*(I95/I94-1) -> 4.2744542 | S95: =+'Indice PondENGHO'!D94 -> 7556.9414 | T95: =+'Indice PondENGHO'!P94 -> 7582.2485 | U95: =+'Indice PondENGHO'!AB94 -> 7600.4771 | V95: =+'Indice PondENGHO'!AN94 -> 7607.8301 | W95: =+'Indice PondENGHO'!AZ94 -> 7614.8652 | Y95: =+S$1*(S95-S94)/D94 -> 1.4517951 | Z95: =+T$1*(T95-T94)/E94 -> 1.1451743 | AA95: =+U$1*(U95-U94)/F94 -> 1.0247553 | AB95: =+V$1*(V95-V94)/G94 -> 0.84337184 | AC95: =+W$1*(W95-W94)/H94 -> 0.6140391 | AE95: =+'Indice PondENGHO'!D94 -> 7556.9414 | AF95: =+'Indice PondENGHO'!E94 -> 5442.1909 | AG95: =+'Indice PondENGHO'!F94 -> 6044.0679 | AH95: =+'Indice PondENGHO'!G94 -> 6279.4849 | AI95: =+'Indice PondENGHO'!H94 -> 6604.3726 | AJ95: =+'Indice PondENGHO'!I94 -> 8011.6284 | AK95: =+'Indice PondENGHO'!J94 -> 7453.9839 | AL95: =+'Indice PondENGHO'!K94 -> 6160.814 | ... AP95: =+'Indice PondENGHO'!O94 -> 6894.9351 | AQ95: =+D95 -> 6982.4482 | AS95: =+'Indice PondENGHO'!AZ94 -> 7614.8652 | AT95: =+'Indice PondENGHO'!BA94 -> 5419.4497 | AU95: =+'Indice PondENGHO'!BB94 -> 6228.356 | AV95: =+'Indice PondENGHO'!BC94 -> 5899.4507 | AW95: =+'Indice PondENGHO'!BD94 -> 6603.8467 | AX95: =+'Indice PondENGHO'!BE94 -> 7734.7485 | AY95: =+'Indice PondENGHO'!BF94 -> 7321.3721 | AZ95: =+'Indice PondENGHO'!BG94 -> 6091.9053 | ... BD95: =+'Indice PondENGHO'!BK94 -> 6818.7944 | BE95: =+H95 -> 6872.1592 | BG95: =+AE$1*(AE95-AE94)/$AQ94 -> 1.4517951 | BH95: =+AF$1*(AF95-AF94)/$AQ94 -> 0.061686236 | BI95: =+AG$1*(AG95-AG94)/$AQ94 -> 0.21796879 | BJ95: =+AH$1*(AH95-AH94)/$AQ94 -> 0.9449293 | BK95: =+AI$1*(AI95-AI94)/$AQ94 -> 0.1569094 | BL95: =+AJ$1*(AJ95-AJ94)/$AQ94 -> 0.19646951 | BM95: =+AK$1*(AK95-AK94)/$AQ94 -> 0.50146153 | BN95: =+AL$1*(AL95-AL94)/$AQ94 -> 0.28660952 | ... BR95: =+AP$1*(AP95-AP94)/$AQ94 -> 0.07062326 | BS95: =+SUM(BG95:BR95) -> 4.4450932 | BT95: =100*(D95/D94-1) -> 4.2447576 | BV95: =+AS$1*(AS94-AS93)/$BE93 -> 0.72652754 | BW95: =+AT$1*(AT95-AT94)/$BE94 -> 0.052704643 | BX95: =+AU$1*(AU95-AU94)/$BE94 -> 0.16599393 | BY95: =+AV$1*(AV95-AV94)/$BE94 -> 0.83068106 | BZ95: =+AW$1*(AW95-AW94)/$BE94 -> 0.2791794 | CA95: =+AX$1*(AX95-AX94)/$BE94 -> 0.37862304 | CB95: =+AY$1*(AY95-AY94)/$BE94 -> 0.85508553 | CC95: =+AZ$1*(AZ95-AZ94)/$BE94 -> 0.25687406 | CD95: =+BA$1*(BA95-BA94)/$BE94 -> 0.32625116 | ... CG95: =+BD$1*(BD95-BD94)/$BE94 -> 0.11086659 | CH95: =+SUM(BV95:CG95) -> 4.5758827 | CI95: =100*(H95/H94-1) -> 4.3136169 | CK95: =+BG95-BV96 -> 0.83775597 | CL95: =+BH95-BW95 -> 0.0089815929 | CM95: =+BI95-BX95 -> 0.051974869 | CN95: =+BJ95-BY95 -> 0.11424824 | CO95: =+BK95-BZ95 -> -0.12227 | CP95: =+BL95-CA95 -> -0.18215353 | CQ95: =+BM95-CB95 -> -0.353624 | CR95: =+BN95-CC95 -> 0.029735453 | CS95: =+BO95-CD95 -> -0.067137429 | ... CX95: =+BT95-CI95 -> -0.0688593 | DB95: Bienes y servicios varios | DC95: -0.029125947
